sample_id,storm_id,t0_utc,gridsat_spatial_mean,imerg_spatial_mean,gate_median,gate_p10,gate_p90,spatial_variance
NIO_2021_GULAB_20210924_1200Z,NIO_2021_GULAB,2021-09-24T12:00:00Z,0.49651387333869934,0.5034861266613007,0.49817943572998047,0.41839590668678284,0.5776380896568298,0.006083523388952017
NIO_2021_GULAB_20210924_1800Z,NIO_2021_GULAB,2021-09-24T18:00:00Z,0.49679920077323914,0.5032007992267609,0.49807119369506836,0.4175910949707031,0.5797638297080994,0.005577899049967527
NIO_2021_GULAB_20210925_0000Z,NIO_2021_GULAB,2021-09-25T00:00:00Z,0.49664750695228577,0.5033524930477142,0.4980289936065674,0.41142168641090393,0.5844975113868713,0.006331814918667078
NIO_2021_GULAB_20210925_0300Z,NIO_2021_GULAB,2021-09-25T03:00:00Z,0.49659785628318787,0.5034021437168121,0.4980733096599579,0.41612911224365234,0.5790914297103882,0.006040050182491541
NIO_2021_GULAB_20210925_0600Z,NIO_2021_GULAB,2021-09-25T06:00:00Z,0.49647238850593567,0.5035276114940643,0.4979480803012848,0.41880518198013306,0.5767138600349426,0.0062289549969136715
NIO_2021_GULAB_20210925_1200Z,NIO_2021_GULAB,2021-09-25T12:00:00Z,0.4971432387828827,0.5028567612171173,0.49830639362335205,0.4106868803501129,0.5857402682304382,0.006874509621411562
NIO_2021_GULAB_20210925_1800Z,NIO_2021_GULAB,2021-09-25T18:00:00Z,0.49722081422805786,0.5027791857719421,0.49833786487579346,0.40970203280448914,0.5868873596191406,0.006822129245847464
NIO_2021_GULAB_20210926_0000Z,NIO_2021_GULAB,2021-09-26T00:00:00Z,0.49636945128440857,0.5036305487155914,0.4982626438140869,0.3993406891822815,0.5947359800338745,0.008191361092031002
NIO_2021_GULAB_20210926_0300Z,NIO_2021_GULAB,2021-09-26T03:00:00Z,0.4957743287086487,0.5042256712913513,0.49804040789604187,0.4036672115325928,0.5893023014068604,0.008272123523056507
NIO_2021_JAWAD_20211202_1200Z,NIO_2021_JAWAD,2021-12-02T12:00:00Z,0.49670106172561646,0.5032989382743835,0.4982864260673523,0.4331423044204712,0.5618337392807007,0.004740060772746801
NIO_2021_JAWAD_20211202_1800Z,NIO_2021_JAWAD,2021-12-02T18:00:00Z,0.4970761835575104,0.5029238164424896,0.49858930706977844,0.4348132610321045,0.5600029826164246,0.004415035247802734
NIO_2021_JAWAD_20211203_0000Z,NIO_2021_JAWAD,2021-12-03T00:00:00Z,0.49702543020248413,0.5029745697975159,0.4982738196849823,0.43627992272377014,0.558284342288971,0.004171548876911402
NIO_2021_JAWAD_20211203_0300Z,NIO_2021_JAWAD,2021-12-03T03:00:00Z,0.49695825576782227,0.5030417442321777,0.49820786714553833,0.43744179606437683,0.5561224222183228,0.0039017442613840103
NIO_2021_JAWAD_20211203_0600Z,NIO_2021_JAWAD,2021-12-03T06:00:00Z,0.49679648876190186,0.5032035112380981,0.4980837106704712,0.43816816806793213,0.5545070171356201,0.0035671526566147804
NIO_2021_JAWAD_20211203_1200Z,NIO_2021_JAWAD,2021-12-03T12:00:00Z,0.49693986773490906,0.5030601322650909,0.49805453419685364,0.43908417224884033,0.553885281085968,0.003211213508620858
NIO_2021_JAWAD_20211203_1800Z,NIO_2021_JAWAD,2021-12-03T18:00:00Z,0.49709343910217285,0.5029065608978271,0.4982360005378723,0.43868720531463623,0.5538138747215271,0.0026315695140510798
NIO_2021_SHAHEEN_20210930_0000Z,NIO_2021_SHAHEEN,2021-09-30T00:00:00Z,0.49739328026771545,0.5026067197322845,0.49833035469055176,0.42682021856307983,0.5711768269538879,0.004876984283328056
NIO_2021_SHAHEEN_20210930_0600Z,NIO_2021_SHAHEEN,2021-09-30T06:00:00Z,0.49715733528137207,0.5028426647186279,0.49826955795288086,0.43226540088653564,0.5631340146064758,0.004165543708950281
NIO_2021_SHAHEEN_20210930_1200Z,NIO_2021_SHAHEEN,2021-09-30T12:00:00Z,0.4977884888648987,0.5022115111351013,0.4982905685901642,0.4283127784729004,0.5696877241134644,0.0041689262725412846
NIO_2021_SHAHEEN_20210930_1800Z,NIO_2021_SHAHEEN,2021-09-30T18:00:00Z,0.49776574969291687,0.5022342503070831,0.4984382390975952,0.42824313044548035,0.568947970867157,0.003882237710058689
NIO_2021_SHAHEEN_20211001_0000Z,NIO_2021_SHAHEEN,2021-10-01T00:00:00Z,0.49736231565475464,0.5026376843452454,0.49834224581718445,0.4264135956764221,0.5705416202545166,0.0045426688157022
NIO_2021_SHAHEEN_20211001_0300Z,NIO_2021_SHAHEEN,2021-10-01T03:00:00Z,0.49692702293395996,0.50307297706604,0.49830377101898193,0.42926353216171265,0.5662236213684082,0.004744388163089752
NIO_2021_SHAHEEN_20211001_0600Z,NIO_2021_SHAHEEN,2021-10-01T06:00:00Z,0.49648723006248474,0.5035127699375153,0.4984167218208313,0.43069377541542053,0.5631646513938904,0.00472717359662056
NIO_2021_SHAHEEN_20211001_0900Z,NIO_2021_SHAHEEN,2021-10-01T09:00:00Z,0.49686962366104126,0.5031303763389587,0.49856656789779663,0.4288056790828705,0.567010760307312,0.005308686289936304
NIO_2021_SHAHEEN_20211001_1200Z,NIO_2021_SHAHEEN,2021-10-01T12:00:00Z,0.4971531331539154,0.5028468668460846,0.4985939562320709,0.425412118434906,0.571324348449707,0.005662519484758377
NIO_2021_SHAHEEN_20211001_1500Z,NIO_2021_SHAHEEN,2021-10-01T15:00:00Z,0.49729153513908386,0.5027084648609161,0.49867019057273865,0.4236539304256439,0.5731748342514038,0.005682708229869604
NIO_2021_SHAHEEN_20211001_1800Z,NIO_2021_SHAHEEN,2021-10-01T18:00:00Z,0.4974892735481262,0.5025107264518738,0.4988582134246826,0.42300090193748474,0.573712170124054,0.005452964920550585
NIO_2021_SHAHEEN_20211001_2100Z,NIO_2021_SHAHEEN,2021-10-01T21:00:00Z,0.4975302517414093,0.5024697482585907,0.49892282485961914,0.42165106534957886,0.5751239657402039,0.005221247207373381
NIO_2021_SHAHEEN_20211002_0000Z,NIO_2021_SHAHEEN,2021-10-02T00:00:00Z,0.4975567162036896,0.5024432837963104,0.49879592657089233,0.4214992821216583,0.5757947564125061,0.005116332788020372
NIO_2021_SHAHEEN_20211002_0300Z,NIO_2021_SHAHEEN,2021-10-02T03:00:00Z,0.4973646402359009,0.5026353597640991,0.4985855221748352,0.42577245831489563,0.5703996419906616,0.0044294619001448154
NIO_2021_SHAHEEN_20211002_0600Z,NIO_2021_SHAHEEN,2021-10-02T06:00:00Z,0.4974237084388733,0.5025762915611267,0.4986417889595032,0.42890632152557373,0.5666263699531555,0.003914416301995516
NIO_2021_TAUKTAE_20210514_0600Z,NIO_2021_TAUKTAE,2021-05-14T06:00:00Z,0.49507588148117065,0.5049241185188293,0.497660756111145,0.40879949927330017,0.5847309827804565,0.009370443411171436
NIO_2021_TAUKTAE_20210514_0900Z,NIO_2021_TAUKTAE,2021-05-14T09:00:00Z,0.49572041630744934,0.5042795836925507,0.4981888234615326,0.4065791964530945,0.5882585048675537,0.009696763940155506
NIO_2021_TAUKTAE_20210514_1200Z,NIO_2021_TAUKTAE,2021-05-14T12:00:00Z,0.4961155354976654,0.5038844645023346,0.49845966696739197,0.40315842628479004,0.5910930633544922,0.010110441595315933
NIO_2021_TAUKTAE_20210514_1800Z,NIO_2021_TAUKTAE,2021-05-14T18:00:00Z,0.49620428681373596,0.503795713186264,0.4985705614089966,0.4041476547718048,0.5904214382171631,0.01101145800203085
NIO_2021_TAUKTAE_20210514_2100Z,NIO_2021_TAUKTAE,2021-05-14T21:00:00Z,0.4964633584022522,0.5035366415977478,0.4985579550266266,0.404771089553833,0.5903291702270508,0.011458796449005604
NIO_2021_TAUKTAE_20210515_0000Z,NIO_2021_TAUKTAE,2021-05-15T00:00:00Z,0.4963076114654541,0.5036923885345459,0.49838346242904663,0.4078153371810913,0.5869609713554382,0.011637185700237751
NIO_2021_TAUKTAE_20210515_0300Z,NIO_2021_TAUKTAE,2021-05-15T03:00:00Z,0.49575507640838623,0.5042449235916138,0.4980660676956177,0.4164571762084961,0.5787292718887329,0.011232845485210419
NIO_2021_TAUKTAE_20210515_0600Z,NIO_2021_TAUKTAE,2021-05-15T06:00:00Z,0.4958514869213104,0.5041485130786896,0.4980458617210388,0.42182716727256775,0.574288547039032,0.010662783868610859
NIO_2021_TAUKTAE_20210515_0900Z,NIO_2021_TAUKTAE,2021-05-15T09:00:00Z,0.49646133184432983,0.5035386681556702,0.4985106289386749,0.4192030131816864,0.5793687701225281,0.010511361993849277
NIO_2021_TAUKTAE_20210515_1200Z,NIO_2021_TAUKTAE,2021-05-15T12:00:00Z,0.4967460036277771,0.5032539963722229,0.4985453486442566,0.414480984210968,0.5838395953178406,0.010254058055579662
NIO_2021_TAUKTAE_20210515_1500Z,NIO_2021_TAUKTAE,2021-05-15T15:00:00Z,0.49698707461357117,0.5030129253864288,0.4987230896949768,0.41535019874572754,0.583620548248291,0.009969132952392101
NIO_2021_TAUKTAE_20210515_1800Z,NIO_2021_TAUKTAE,2021-05-15T18:00:00Z,0.49736082553863525,0.5026391744613647,0.4988410770893097,0.4162556529045105,0.5829910039901733,0.009496302343904972
NIO_2021_TAUKTAE_20210515_2100Z,NIO_2021_TAUKTAE,2021-05-15T21:00:00Z,0.49754729866981506,0.5024527013301849,0.4986988306045532,0.41766130924224854,0.5823883414268494,0.009128759615123272
NIO_2021_TAUKTAE_20210516_0000Z,NIO_2021_TAUKTAE,2021-05-16T00:00:00Z,0.49732068181037903,0.502679318189621,0.4984595775604248,0.41913872957229614,0.5799350738525391,0.00900015514343977
NIO_2021_TAUKTAE_20210516_0300Z,NIO_2021_TAUKTAE,2021-05-16T03:00:00Z,0.4970511794090271,0.5029488205909729,0.4981403648853302,0.42572447657585144,0.5718311667442322,0.008338380604982376
NIO_2021_TAUKTAE_20210516_0600Z,NIO_2021_TAUKTAE,2021-05-16T06:00:00Z,0.49705609679222107,0.5029439032077789,0.49819105863571167,0.42969146370887756,0.5676066875457764,0.007681725546717644
NIO_2021_TAUKTAE_20210516_0900Z,NIO_2021_TAUKTAE,2021-05-16T09:00:00Z,0.49747800827026367,0.5025219917297363,0.4983827471733093,0.4275282621383667,0.5709939002990723,0.0075425258837640285
NIO_2021_TAUKTAE_20210516_1200Z,NIO_2021_TAUKTAE,2021-05-16T12:00:00Z,0.4976467490196228,0.5023532509803772,0.49838191270828247,0.42483222484588623,0.5748514533042908,0.007588042411953211
NIO_2021_TAUKTAE_20210516_1500Z,NIO_2021_TAUKTAE,2021-05-16T15:00:00Z,0.49777674674987793,0.5022232532501221,0.49844908714294434,0.4244399666786194,0.5755006074905396,0.007511759642511606
NIO_2021_TAUKTAE_20210516_1800Z,NIO_2021_TAUKTAE,2021-05-16T18:00:00Z,0.4977879524230957,0.5022120475769043,0.49857425689697266,0.4250870645046234,0.574751079082489,0.0073243677616119385
NIO_2021_TAUKTAE_20210517_0000Z,NIO_2021_TAUKTAE,2021-05-17T00:00:00Z,0.4970339238643646,0.5029660761356354,0.4983896017074585,0.42447173595428467,0.5741866230964661,0.007980181835591793
NIO_2021_TAUKTAE_20210517_0300Z,NIO_2021_TAUKTAE,2021-05-17T03:00:00Z,0.4964666962623596,0.5035333037376404,0.4982132911682129,0.4279319643974304,0.5686348080635071,0.007661776151508093
NIO_2021_TAUKTAE_20210517_0600Z,NIO_2021_TAUKTAE,2021-05-17T06:00:00Z,0.4961841106414795,0.5038158893585205,0.49813419580459595,0.4299546182155609,0.566092848777771,0.007446447852998972
NIO_2021_UNNAMED_2_5_1_20210912_1200Z,NIO_2021_UNNAMED_2_5_1,2021-09-12T12:00:00Z,0.49737945199012756,0.5026205480098724,0.4980276823043823,0.42044955492019653,0.5779371857643127,0.006074544042348862
NIO_2021_UNNAMED_2_5_1_20210912_1800Z,NIO_2021_UNNAMED_2_5_1,2021-09-12T18:00:00Z,0.49754178524017334,0.5024582147598267,0.4980822801589966,0.42044955492019653,0.577975332736969,0.005646217614412308
NIO_2021_YAAS_20210523_0600Z,NIO_2021_YAAS,2021-05-23T06:00:00Z,0.496587336063385,0.503412663936615,0.49802374839782715,0.4338656961917877,0.5625473856925964,0.006865303963422775
NIO_2021_YAAS_20210523_1200Z,NIO_2021_YAAS,2021-05-23T12:00:00Z,0.4974812865257263,0.5025187134742737,0.49849310517311096,0.4295501708984375,0.5713026523590088,0.00803565513342619
NIO_2021_YAAS_20210523_1800Z,NIO_2021_YAAS,2021-05-23T18:00:00Z,0.49748584628105164,0.5025141537189484,0.49847114086151123,0.4290050268173218,0.5720970630645752,0.007943915203213692
NIO_2021_YAAS_20210524_0000Z,NIO_2021_YAAS,2021-05-24T00:00:00Z,0.4970443546772003,0.5029556453227997,0.4983397126197815,0.42512404918670654,0.5749239921569824,0.0083182817324996
NIO_2021_YAAS_20210524_0300Z,NIO_2021_YAAS,2021-05-24T03:00:00Z,0.4967503547668457,0.5032496452331543,0.4982442855834961,0.4288041591644287,0.569107174873352,0.007928452454507351
NIO_2021_YAAS_20210524_0600Z,NIO_2021_YAAS,2021-05-24T06:00:00Z,0.4965532124042511,0.5034467875957489,0.49831926822662354,0.4301880896091461,0.5662536025047302,0.007838181219995022
NIO_2021_YAAS_20210524_0900Z,NIO_2021_YAAS,2021-05-24T09:00:00Z,0.4966947138309479,0.5033052861690521,0.49840158224105835,0.4262833893299103,0.5715505480766296,0.00840818602591753
NIO_2021_YAAS_20210524_1200Z,NIO_2021_YAAS,2021-05-24T12:00:00Z,0.4969732463359833,0.5030267536640167,0.4986865818500519,0.42223837971687317,0.5771557092666626,0.008910436183214188
NIO_2021_YAAS_20210524_1500Z,NIO_2021_YAAS,2021-05-24T15:00:00Z,0.4971790313720703,0.5028209686279297,0.4986865818500519,0.4217420518398285,0.5786857008934021,0.008736486546695232
NIO_2021_YAAS_20210524_1800Z,NIO_2021_YAAS,2021-05-24T18:00:00Z,0.49702778458595276,0.5029722154140472,0.49856841564178467,0.41912057995796204,0.5804734826087952,0.008834966458380222
NIO_2021_YAAS_20210525_0000Z,NIO_2021_YAAS,2021-05-25T00:00:00Z,0.4961334466934204,0.5038665533065796,0.4981822967529297,0.40970802307128906,0.5849230885505676,0.009401959367096424
NIO_2021_YAAS_20210525_0300Z,NIO_2021_YAAS,2021-05-25T03:00:00Z,0.4958175718784332,0.5041824281215668,0.49801769852638245,0.4156855344772339,0.579241931438446,0.008974033407866955
NIO_2021_YAAS_20210525_0600Z,NIO_2021_YAAS,2021-05-25T06:00:00Z,0.495644211769104,0.504355788230896,0.49791979789733887,0.4174386262893677,0.5773229598999023,0.008745103143155575
NIO_2021_YAAS_20210525_1200Z,NIO_2021_YAAS,2021-05-25T12:00:00Z,0.4964805841445923,0.5035194158554077,0.498382031917572,0.41113054752349854,0.5851113796234131,0.008511661551892757
NIO_2021_YAAS_20210525_1800Z,NIO_2021_YAAS,2021-05-25T18:00:00Z,0.4971829652786255,0.5028170347213745,0.4983443021774292,0.4136187732219696,0.5843610167503357,0.007331963628530502
NIO_2022_ASANI_20220507_0600Z,NIO_2022_ASANI,2022-05-07T06:00:00Z,0.4968709349632263,0.5031290650367737,0.4979989230632782,0.42354637384414673,0.5744130611419678,0.0067801387049257755
NIO_2022_ASANI_20220507_1200Z,NIO_2022_ASANI,2022-05-07T12:00:00Z,0.49785879254341125,0.5021412074565887,0.4989072382450104,0.4174337089061737,0.5841991901397705,0.007183531299233437
NIO_2022_ASANI_20220507_1800Z,NIO_2022_ASANI,2022-05-07T18:00:00Z,0.4981813430786133,0.5018186569213867,0.49881482124328613,0.4181104302406311,0.5846192240715027,0.006875948514789343
NIO_2022_ASANI_20220508_0000Z,NIO_2022_ASANI,2022-05-08T00:00:00Z,0.4978189468383789,0.5021810531616211,0.49857470393180847,0.42229965329170227,0.5783836245536804,0.006518971174955368
NIO_2022_ASANI_20220508_0300Z,NIO_2022_ASANI,2022-05-08T03:00:00Z,0.4973587095737457,0.5026412904262543,0.4982653260231018,0.4274316430091858,0.5707586407661438,0.0061180624179542065
NIO_2022_ASANI_20220508_0600Z,NIO_2022_ASANI,2022-05-08T06:00:00Z,0.4970771074295044,0.5029228925704956,0.4980926811695099,0.4298999011516571,0.5675233006477356,0.0061709205619990826
NIO_2022_ASANI_20220508_0900Z,NIO_2022_ASANI,2022-05-08T09:00:00Z,0.4972563087940216,0.5027436912059784,0.4983516037464142,0.42775648832321167,0.5706035494804382,0.006651474628597498
NIO_2022_ASANI_20220508_1200Z,NIO_2022_ASANI,2022-05-08T12:00:00Z,0.4975205361843109,0.5024794638156891,0.49842172861099243,0.42682650685310364,0.5730277299880981,0.006783399730920792
NIO_2022_ASANI_20220508_1500Z,NIO_2022_ASANI,2022-05-08T15:00:00Z,0.4976431429386139,0.5023568570613861,0.4983741044998169,0.4266869127750397,0.5734672546386719,0.006609195377677679
NIO_2022_ASANI_20220508_1800Z,NIO_2022_ASANI,2022-05-08T18:00:00Z,0.49726593494415283,0.5027340650558472,0.49829915165901184,0.42427289485931396,0.5747068524360657,0.006760598625987768
NIO_2022_ASANI_20220508_2100Z,NIO_2022_ASANI,2022-05-08T21:00:00Z,0.4970339834690094,0.5029660165309906,0.49839234352111816,0.4198809862136841,0.5784031748771667,0.007442245725542307
NIO_2022_ASANI_20220509_0000Z,NIO_2022_ASANI,2022-05-09T00:00:00Z,0.4967712163925171,0.5032287836074829,0.4984135031700134,0.41773363947868347,0.579654335975647,0.007606625556945801
NIO_2022_ASANI_20220509_0300Z,NIO_2022_ASANI,2022-05-09T03:00:00Z,0.49626782536506653,0.5037321746349335,0.49830198287963867,0.4187588095664978,0.5769323110580444,0.007732202764600515
NIO_2022_ASANI_20220509_0600Z,NIO_2022_ASANI,2022-05-09T06:00:00Z,0.4962347447872162,0.5037652552127838,0.49830755591392517,0.41789618134498596,0.5775735378265381,0.00788967963308096
NIO_2022_ASANI_20220509_0900Z,NIO_2022_ASANI,2022-05-09T09:00:00Z,0.49649956822395325,0.5035004317760468,0.49856841564178467,0.4131135940551758,0.5829290151596069,0.008144085295498371
NIO_2022_ASANI_20220509_1200Z,NIO_2022_ASANI,2022-05-09T12:00:00Z,0.4971100986003876,0.5028899013996124,0.4987300634384155,0.4122549891471863,0.5858766436576843,0.008023104630410671
NIO_2022_ASANI_20220509_1500Z,NIO_2022_ASANI,2022-05-09T15:00:00Z,0.4973728656768799,0.5026271343231201,0.4985244870185852,0.4146910607814789,0.5845534801483154,0.0074216038919985294
NIO_2022_ASANI_20220509_1800Z,NIO_2022_ASANI,2022-05-09T18:00:00Z,0.4974360764026642,0.5025639235973358,0.4985128343105316,0.41470858454704285,0.5845127701759338,0.0071603418327867985
NIO_2022_ASANI_20220510_0000Z,NIO_2022_ASANI,2022-05-10T00:00:00Z,0.49748799204826355,0.5025120079517365,0.4986160397529602,0.41500017046928406,0.5842867493629456,0.007066119462251663
NIO_2022_MANDOUS_20221206_1200Z,NIO_2022_MANDOUS,2022-12-06T12:00:00Z,0.49469655752182007,0.5053034424781799,0.4976390600204468,0.41311779618263245,0.5784331560134888,0.008257930167019367
NIO_2022_MANDOUS_20221206_1800Z,NIO_2022_MANDOUS,2022-12-06T18:00:00Z,0.4949662983417511,0.5050337016582489,0.4978727102279663,0.4113616943359375,0.5803729295730591,0.008443157188594341
NIO_2022_MANDOUS_20221207_0000Z,NIO_2022_MANDOUS,2022-12-07T00:00:00Z,0.4951254725456238,0.5048745274543762,0.49763697385787964,0.4072951078414917,0.5854089856147766,0.008711996488273144
NIO_2022_MANDOUS_20221207_0600Z,NIO_2022_MANDOUS,2022-12-07T06:00:00Z,0.49481385946273804,0.505186140537262,0.4973980784416199,0.4037265479564667,0.5873669385910034,0.00926180649548769
NIO_2022_MANDOUS_20221207_1200Z,NIO_2022_MANDOUS,2022-12-07T12:00:00Z,0.4953841269016266,0.5046158730983734,0.4972923994064331,0.40620991587638855,0.586990237236023,0.008960905484855175
NIO_2022_MANDOUS_20221207_1800Z,NIO_2022_MANDOUS,2022-12-07T18:00:00Z,0.4956541359424591,0.5043458640575409,0.49741876125335693,0.4113321304321289,0.5821251273155212,0.007910266518592834
NIO_2022_MANDOUS_20221207_2100Z,NIO_2022_MANDOUS,2022-12-07T21:00:00Z,0.49608248472213745,0.5039175152778625,0.49766668677330017,0.4131230413913727,0.5818970799446106,0.007665426004678011
NIO_2022_MANDOUS_20221208_0000Z,NIO_2022_MANDOUS,2022-12-08T00:00:00Z,0.4962640106678009,0.5037359893321991,0.4978434443473816,0.41397613286972046,0.5819537043571472,0.00735574821010232
NIO_2022_MANDOUS_20221208_0300Z,NIO_2022_MANDOUS,2022-12-08T03:00:00Z,0.49598222970962524,0.5040177702903748,0.4975862503051758,0.4158637225627899,0.5804334878921509,0.007163282483816147
NIO_2022_MANDOUS_20221208_0600Z,NIO_2022_MANDOUS,2022-12-08T06:00:00Z,0.4960886240005493,0.5039113759994507,0.4976358711719513,0.4181833267211914,0.5785729289054871,0.007031047251075506
NIO_2022_NO_20220819_0000Z,NIO_2022_NO,2022-08-19T00:00:00Z,0.4977172613143921,0.5022827386856079,0.49798423051834106,0.41839367151260376,0.5821024775505066,0.006526986602693796
NIO_2022_NO_20220819_0300Z,NIO_2022_NO,2022-08-19T03:00:00Z,0.49713975191116333,0.5028602480888367,0.497577965259552,0.42092591524124146,0.5783961415290833,0.006664575543254614
NIO_2022_NO_20220819_0600Z,NIO_2022_NO,2022-08-19T06:00:00Z,0.49664589762687683,0.5033541023731232,0.49736207723617554,0.4238280653953552,0.5741725564002991,0.006603024434298277
NIO_2022_NO_20220819_1200Z,NIO_2022_NO,2022-08-19T12:00:00Z,0.49682384729385376,0.5031761527061462,0.49785739183425903,0.41566523909568787,0.5826144814491272,0.007347993087023497
NIO_2022_NO_20220820_0000Z,NIO_2022_NO,2022-08-20T00:00:00Z,0.4965190291404724,0.5034809708595276,0.4977468252182007,0.40194475650787354,0.5920592546463013,0.007846850901842117
NIO_2022_NO_20220820_0600Z,NIO_2022_NO,2022-08-20T06:00:00Z,0.49600258469581604,0.503997415304184,0.49728521704673767,0.4122120141983032,0.580897331237793,0.00719332555308938
NIO_2022_NO_20220820_1200Z,NIO_2022_NO,2022-08-20T12:00:00Z,0.49663394689559937,0.5033660531044006,0.4975969195365906,0.4088788628578186,0.5858679413795471,0.007044216617941856
NIO_2022_NO_20220821_0000Z,NIO_2022_NO,2022-08-21T00:00:00Z,0.4966322183609009,0.5033677816390991,0.497614324092865,0.41001248359680176,0.5863023996353149,0.00683337589725852
NIO_2022_SITRANG_20221022_0600Z,NIO_2022_SITRANG,2022-10-22T06:00:00Z,0.49642375111579895,0.503576248884201,0.49821269512176514,0.4259844124317169,0.5697107911109924,0.006633517798036337
NIO_2022_SITRANG_20221022_1200Z,NIO_2022_SITRANG,2022-10-22T12:00:00Z,0.4968646764755249,0.5031353235244751,0.4983554184436798,0.42411938309669495,0.5727822184562683,0.007139091845601797
NIO_2022_SITRANG_20221022_1800Z,NIO_2022_SITRANG,2022-10-22T18:00:00Z,0.4968757927417755,0.5031242072582245,0.49824368953704834,0.4275945723056793,0.5696887969970703,0.006168061401695013
NIO_2022_SITRANG_20221023_0000Z,NIO_2022_SITRANG,2022-10-23T00:00:00Z,0.49647992849349976,0.5035200715065002,0.4981674551963806,0.4263208508491516,0.5697890520095825,0.006245000753551722
NIO_2022_UNNAMED_01_20220320_0600Z,NIO_2022_UNNAMED_01,2022-03-20T06:00:00Z,0.4974379539489746,0.5025620460510254,0.4985787868499756,0.43932971358299255,0.5530974268913269,0.0029064000118523836
NIO_2022_UNNAMED_01_20220320_1200Z,NIO_2022_UNNAMED_01,2022-03-20T12:00:00Z,0.49806275963783264,0.5019372403621674,0.4986881613731384,0.4392593801021576,0.5564873218536377,0.0030516497790813446
NIO_2022_UNNAMED_01_20220320_1800Z,NIO_2022_UNNAMED_01,2022-03-20T18:00:00Z,0.4980970323085785,0.5019029676914215,0.498843252658844,0.4382600784301758,0.5575969219207764,0.003020923351868987
NIO_2022_UNNAMED_2_13_1_20221120_0000Z,NIO_2022_UNNAMED_2_13_1,2022-11-20T00:00:00Z,0.4970053732395172,0.5029946267604828,0.49774545431137085,0.4314842224121094,0.5645982027053833,0.004451954271644354
NIO_2022_UNNAMED_2_15_1_20221214_1200Z,NIO_2022_UNNAMED_2_15_1,2022-12-14T12:00:00Z,0.4965573251247406,0.5034426748752594,0.4979403614997864,0.43192389607429504,0.5632873177528381,0.005381681025028229
NIO_2022_UNNAMED_2_15_1_20221214_1800Z,NIO_2022_UNNAMED_2_15_1,2022-12-14T18:00:00Z,0.49682676792144775,0.5031732320785522,0.49799835681915283,0.4311993718147278,0.5638176798820496,0.004718209616839886
NIO_2022_UNNAMED_2_15_1_20221215_0000Z,NIO_2022_UNNAMED_2_15_1,2022-12-15T00:00:00Z,0.4967796802520752,0.5032203197479248,0.4977959394454956,0.4301208555698395,0.5649056434631348,0.004495356697589159
NIO_2022_UNNAMED_2_15_1_20221215_0600Z,NIO_2022_UNNAMED_2_15_1,2022-12-15T06:00:00Z,0.49661096930503845,0.5033890306949615,0.497770220041275,0.43086129426956177,0.5635020732879639,0.004280019085854292
NIO_2022_UNNAMED_2_16_1_20221222_0600Z,NIO_2022_UNNAMED_2_16_1,2022-12-22T06:00:00Z,0.4966104328632355,0.5033895671367645,0.49794670939445496,0.43522757291793823,0.558739960193634,0.004084499087184668
NIO_2022_UNNAMED_2_16_1_20221222_1200Z,NIO_2022_UNNAMED_2_16_1,2022-12-22T12:00:00Z,0.4969191551208496,0.5030808448791504,0.4980120062828064,0.4360758066177368,0.5584478378295898,0.0037889815866947174
NIO_2022_UNNAMED_2_16_1_20221222_1800Z,NIO_2022_UNNAMED_2_16_1,2022-12-22T18:00:00Z,0.49723049998283386,0.5027695000171661,0.49824053049087524,0.4371216893196106,0.5568614602088928,0.0034795242827385664
NIO_2022_UNNAMED_2_16_1_20221223_0000Z,NIO_2022_UNNAMED_2_16_1,2022-12-23T00:00:00Z,0.49735838174819946,0.5026416182518005,0.4982762336730957,0.43705010414123535,0.5567967891693115,0.003654948202893138
NIO_2022_UNNAMED_2_16_1_20221223_0600Z,NIO_2022_UNNAMED_2_16_1,2022-12-23T06:00:00Z,0.4972091019153595,0.5027908980846405,0.4984702467918396,0.43698814511299133,0.5555897951126099,0.0037086668889969587
NIO_2022_UNNAMED_2_2_1_20220303_0000Z,NIO_2022_UNNAMED_2_2_1,2022-03-03T00:00:00Z,0.49756526947021484,0.5024347305297852,0.49905824661254883,0.4364485442638397,0.5582894086837769,0.004497882444411516
NIO_2022_UNNAMED_2_2_1_20220303_0600Z,NIO_2022_UNNAMED_2_2_1,2022-03-03T06:00:00Z,0.4972645044326782,0.5027354955673218,0.4989594519138336,0.4381062984466553,0.5542151927947998,0.004167219158262014
NIO_2022_UNNAMED_2_2_1_20220303_1200Z,NIO_2022_UNNAMED_2_2_1,2022-03-03T12:00:00Z,0.4977177381515503,0.5022822618484497,0.4990103244781494,0.4374697208404541,0.5571421384811401,0.003857797710224986
NIO_2022_UNNAMED_2_2_1_20220303_1800Z,NIO_2022_UNNAMED_2_2_1,2022-03-03T18:00:00Z,0.4978078603744507,0.5021921396255493,0.4989643692970276,0.43700313568115234,0.5583580732345581,0.0036120228469371796
NIO_2022_UNNAMED_2_2_1_20220304_0000Z,NIO_2022_UNNAMED_2_2_1,2022-03-04T00:00:00Z,0.49768978357315063,0.5023102164268494,0.4989924132823944,0.4350736439228058,0.5610341429710388,0.004046339076012373
NIO_2022_UNNAMED_2_9_1_20220814_0600Z,NIO_2022_UNNAMED_2_9_1,2022-08-14T06:00:00Z,0.49607738852500916,0.5039226114749908,0.49750256538391113,0.4161214828491211,0.5781780481338501,0.007067177444696426
NIO_2023_BIPARJOY_20230606_0000Z,NIO_2023_BIPARJOY,2023-06-06T00:00:00Z,0.4976835250854492,0.5023164749145508,0.4982061982154846,0.41399499773979187,0.5852062702178955,0.006983412895351648
NIO_2023_BIPARJOY_20230606_0300Z,NIO_2023_BIPARJOY,2023-06-06T03:00:00Z,0.49727052450180054,0.5027294754981995,0.4981316030025482,0.41992565989494324,0.5778640508651733,0.006755966693162918
NIO_2023_BIPARJOY_20230606_0600Z,NIO_2023_BIPARJOY,2023-06-06T06:00:00Z,0.49686121940612793,0.5031387805938721,0.498073935508728,0.4214165508747101,0.57539302110672,0.007025368511676788
NIO_2023_BIPARJOY_20230606_1200Z,NIO_2023_BIPARJOY,2023-06-06T12:00:00Z,0.496907502412796,0.503092497587204,0.49848902225494385,0.41457805037498474,0.5838992595672607,0.008253430016338825
NIO_2023_BIPARJOY_20230606_1500Z,NIO_2023_BIPARJOY,2023-06-06T15:00:00Z,0.4969562292098999,0.5030437707901001,0.49836042523384094,0.41296684741973877,0.5857366323471069,0.008258022367954254
NIO_2023_BIPARJOY_20230606_1800Z,NIO_2023_BIPARJOY,2023-06-06T18:00:00Z,0.49713045358657837,0.5028695464134216,0.49824628233909607,0.4112752676010132,0.5877417325973511,0.00816840585321188
NIO_2023_BIPARJOY_20230606_2100Z,NIO_2023_BIPARJOY,2023-06-06T21:00:00Z,0.4970386028289795,0.5029613971710205,0.49807456135749817,0.4068155586719513,0.5909100770950317,0.008305884897708893
NIO_2023_BIPARJOY_20230607_0000Z,NIO_2023_BIPARJOY,2023-06-07T00:00:00Z,0.4967549741268158,0.5032450258731842,0.49809977412223816,0.40659961104393005,0.5903065204620361,0.008461053483188152
NIO_2023_BIPARJOY_20230607_0300Z,NIO_2023_BIPARJOY,2023-06-07T03:00:00Z,0.4961996078491211,0.5038003921508789,0.49771586060523987,0.4101792275905609,0.5845593214035034,0.00846380926668644
NIO_2023_BIPARJOY_20230607_0600Z,NIO_2023_BIPARJOY,2023-06-07T06:00:00Z,0.4964207112789154,0.5035792887210846,0.49794626235961914,0.41163942217826843,0.5837752819061279,0.008613664656877518
NIO_2023_BIPARJOY_20230607_0900Z,NIO_2023_BIPARJOY,2023-06-07T09:00:00Z,0.49677592515945435,0.5032240748405457,0.4984775483608246,0.4062958359718323,0.5892969965934753,0.009123344905674458
NIO_2023_BIPARJOY_20230607_1200Z,NIO_2023_BIPARJOY,2023-06-07T12:00:00Z,0.4969806373119354,0.5030193626880646,0.49866873025894165,0.40095558762550354,0.5942709445953369,0.009452695958316326
NIO_2023_BIPARJOY_20230607_1500Z,NIO_2023_BIPARJOY,2023-06-07T15:00:00Z,0.49714189767837524,0.5028581023216248,0.4987316429615021,0.4014800488948822,0.594160795211792,0.0092817647382617
NIO_2023_BIPARJOY_20230607_1800Z,NIO_2023_BIPARJOY,2023-06-07T18:00:00Z,0.49708259105682373,0.5029174089431763,0.4983695447444916,0.402410089969635,0.5936068296432495,0.008981667459011078
NIO_2023_BIPARJOY_20230607_2100Z,NIO_2023_BIPARJOY,2023-06-07T21:00:00Z,0.49716368317604065,0.5028363168239594,0.49843311309814453,0.4029797911643982,0.5936859250068665,0.008860558271408081
NIO_2023_BIPARJOY_20230608_0000Z,NIO_2023_BIPARJOY,2023-06-08T00:00:00Z,0.4969245195388794,0.5030754804611206,0.49832773208618164,0.405848890542984,0.5911264419555664,0.008709314279258251
NIO_2023_BIPARJOY_20230608_0300Z,NIO_2023_BIPARJOY,2023-06-08T03:00:00Z,0.49641016125679016,0.5035898387432098,0.4978296756744385,0.4117833971977234,0.584613025188446,0.008769337087869644
NIO_2023_BIPARJOY_20230608_0600Z,NIO_2023_BIPARJOY,2023-06-08T06:00:00Z,0.49645185470581055,0.5035481452941895,0.4978065490722656,0.4152224659919739,0.5811703205108643,0.00845247507095337
NIO_2023_BIPARJOY_20230608_0900Z,NIO_2023_BIPARJOY,2023-06-08T09:00:00Z,0.49711352586746216,0.5028864741325378,0.49817803502082825,0.41320115327835083,0.5855371952056885,0.008747254498302937
NIO_2023_BIPARJOY_20230608_1200Z,NIO_2023_BIPARJOY,2023-06-08T12:00:00Z,0.497714638710022,0.502285361289978,0.498462051153183,0.4086104929447174,0.5907790064811707,0.008958272635936737
NIO_2023_BIPARJOY_20230608_1500Z,NIO_2023_BIPARJOY,2023-06-08T15:00:00Z,0.497706800699234,0.502293199300766,0.4983353018760681,0.40855032205581665,0.5908041000366211,0.008865531533956528
NIO_2023_BIPARJOY_20230608_1800Z,NIO_2023_BIPARJOY,2023-06-08T18:00:00Z,0.49790874123573303,0.502091258764267,0.4982869625091553,0.4094170033931732,0.5901097655296326,0.008421818725764751
NIO_2023_BIPARJOY_20230608_2100Z,NIO_2023_BIPARJOY,2023-06-08T21:00:00Z,0.49795061349868774,0.5020493865013123,0.4983673095703125,0.40824538469314575,0.5909669399261475,0.008000782690942287
NIO_2023_BIPARJOY_20230609_0000Z,NIO_2023_BIPARJOY,2023-06-09T00:00:00Z,0.4975547790527344,0.5024452209472656,0.49833613634109497,0.4094783663749695,0.5893574357032776,0.007792970165610313
NIO_2023_BIPARJOY_20230609_0300Z,NIO_2023_BIPARJOY,2023-06-09T03:00:00Z,0.4967939555644989,0.5032060444355011,0.49799680709838867,0.40955841541290283,0.5862229466438293,0.00791498925536871
NIO_2023_BIPARJOY_20230609_0600Z,NIO_2023_BIPARJOY,2023-06-09T06:00:00Z,0.49665921926498413,0.5033407807350159,0.4980960488319397,0.41061070561408997,0.5845919847488403,0.007847103290259838
NIO_2023_BIPARJOY_20230609_0900Z,NIO_2023_BIPARJOY,2023-06-09T09:00:00Z,0.4973777234554291,0.5026222765445709,0.4986305236816406,0.40523794293403625,0.5909271240234375,0.008100418373942375
NIO_2023_BIPARJOY_20230609_1200Z,NIO_2023_BIPARJOY,2023-06-09T12:00:00Z,0.49747487902641296,0.502525120973587,0.49890971183776855,0.39758285880088806,0.5973490476608276,0.009029326029121876
NIO_2023_BIPARJOY_20230609_1500Z,NIO_2023_BIPARJOY,2023-06-09T15:00:00Z,0.4973491132259369,0.5026508867740631,0.4988614618778229,0.3966626822948456,0.5978914499282837,0.009403365664184093
NIO_2023_BIPARJOY_20230609_1800Z,NIO_2023_BIPARJOY,2023-06-09T18:00:00Z,0.49701881408691406,0.5029811859130859,0.4986991882324219,0.39247453212738037,0.6007571220397949,0.010298451408743858
NIO_2023_BIPARJOY_20230609_2100Z,NIO_2023_BIPARJOY,2023-06-09T21:00:00Z,0.4968765377998352,0.5031234622001648,0.4986390471458435,0.39245080947875977,0.6012532711029053,0.010570801794528961
NIO_2023_BIPARJOY_20230610_0000Z,NIO_2023_BIPARJOY,2023-06-10T00:00:00Z,0.4963083565235138,0.5036916434764862,0.4984467625617981,0.3918737769126892,0.6007423400878906,0.01110927015542984
NIO_2023_BIPARJOY_20230610_0300Z,NIO_2023_BIPARJOY,2023-06-10T03:00:00Z,0.49555110931396484,0.5044488906860352,0.49802154302597046,0.3964100480079651,0.5936170220375061,0.01102371234446764
NIO_2023_BIPARJOY_20230610_0600Z,NIO_2023_BIPARJOY,2023-06-10T06:00:00Z,0.49556201696395874,0.5044379830360413,0.497969388961792,0.40456148982048035,0.5872201919555664,0.01045640092343092
NIO_2023_BIPARJOY_20230610_0900Z,NIO_2023_BIPARJOY,2023-06-10T09:00:00Z,0.4960700273513794,0.5039299726486206,0.4983614683151245,0.4029269516468048,0.5906891822814941,0.0104029206559062
NIO_2023_BIPARJOY_20230610_1200Z,NIO_2023_BIPARJOY,2023-06-10T12:00:00Z,0.496626615524292,0.503373384475708,0.49849891662597656,0.4047587215900421,0.5902549624443054,0.00981799978762865
NIO_2023_BIPARJOY_20230610_1500Z,NIO_2023_BIPARJOY,2023-06-10T15:00:00Z,0.4968671500682831,0.5031328499317169,0.4983997344970703,0.40908271074295044,0.5875004529953003,0.009251091629266739
NIO_2023_BIPARJOY_20230610_1800Z,NIO_2023_BIPARJOY,2023-06-10T18:00:00Z,0.497148334980011,0.502851665019989,0.4982433319091797,0.4135031998157501,0.5837839245796204,0.008349504321813583
NIO_2023_BIPARJOY_20230610_2100Z,NIO_2023_BIPARJOY,2023-06-10T21:00:00Z,0.4971768856048584,0.5028231143951416,0.4982009530067444,0.41546210646629333,0.582252025604248,0.008020098321139812
NIO_2023_BIPARJOY_20230611_0000Z,NIO_2023_BIPARJOY,2023-06-11T00:00:00Z,0.4968571364879608,0.5031428635120392,0.4980446994304657,0.41753819584846497,0.5802473425865173,0.008048418909311295
NIO_2023_BIPARJOY_20230611_0300Z,NIO_2023_BIPARJOY,2023-06-11T03:00:00Z,0.4962403476238251,0.5037596523761749,0.4977310299873352,0.4219362735748291,0.5744978189468384,0.007698172237724066
NIO_2023_BIPARJOY_20230611_0600Z,NIO_2023_BIPARJOY,2023-06-11T06:00:00Z,0.4964202642440796,0.5035797357559204,0.4976907968521118,0.42390406131744385,0.5724778175354004,0.007569275796413422
NIO_2023_BIPARJOY_20230611_0900Z,NIO_2023_BIPARJOY,2023-06-11T09:00:00Z,0.49667274951934814,0.5033272504806519,0.4979618787765503,0.42085614800453186,0.5756115317344666,0.00755690410733223
NIO_2023_BIPARJOY_20230611_1200Z,NIO_2023_BIPARJOY,2023-06-11T12:00:00Z,0.4969821572303772,0.5030178427696228,0.49823641777038574,0.4178026020526886,0.5795955657958984,0.007910152897238731
NIO_2023_BIPARJOY_20230611_1500Z,NIO_2023_BIPARJOY,2023-06-11T15:00:00Z,0.49726608395576477,0.5027339160442352,0.4982435405254364,0.4172942638397217,0.5803800225257874,0.007765216287225485
NIO_2023_BIPARJOY_20230611_1800Z,NIO_2023_BIPARJOY,2023-06-11T18:00:00Z,0.4973375201225281,0.5026624798774719,0.49834856390953064,0.4174283444881439,0.5801109075546265,0.007407266180962324
NIO_2023_BIPARJOY_20230611_2100Z,NIO_2023_BIPARJOY,2023-06-11T21:00:00Z,0.4976089298725128,0.5023910701274872,0.4983395040035248,0.41804641485214233,0.5809016227722168,0.007165109273046255
NIO_2023_BIPARJOY_20230612_0000Z,NIO_2023_BIPARJOY,2023-06-12T00:00:00Z,0.497220903635025,0.502779096364975,0.49825799465179443,0.4182995557785034,0.5796195864677429,0.007162008434534073
NIO_2023_BIPARJOY_20230612_0300Z,NIO_2023_BIPARJOY,2023-06-12T03:00:00Z,0.4967866539955139,0.5032133460044861,0.49795272946357727,0.4220414161682129,0.5746816992759705,0.007308468222618103
NIO_2023_BIPARJOY_20230612_0600Z,NIO_2023_BIPARJOY,2023-06-12T06:00:00Z,0.4966859519481659,0.5033140480518341,0.4979413151741028,0.42387741804122925,0.5726041793823242,0.007222068961709738
NIO_2023_BIPARJOY_20230612_0900Z,NIO_2023_BIPARJOY,2023-06-12T09:00:00Z,0.49681714177131653,0.5031828582286835,0.4980279207229614,0.4204829931259155,0.577015221118927,0.007585696876049042
NIO_2023_BIPARJOY_20230612_1200Z,NIO_2023_BIPARJOY,2023-06-12T12:00:00Z,0.4970845580101013,0.5029154419898987,0.4980352520942688,0.41757142543792725,0.5797845721244812,0.00759391812607646
NIO_2023_BIPARJOY_20230612_1500Z,NIO_2023_BIPARJOY,2023-06-12T15:00:00Z,0.4971412122249603,0.5028587877750397,0.4980352520942688,0.4168264865875244,0.5804004669189453,0.007959427312016487
NIO_2023_BIPARJOY_20230612_1800Z,NIO_2023_BIPARJOY,2023-06-12T18:00:00Z,0.49714651703834534,0.5028534829616547,0.4980769753456116,0.418639600276947,0.5789170265197754,0.007924539037048817
NIO_2023_BIPARJOY_20230612_2100Z,NIO_2023_BIPARJOY,2023-06-12T21:00:00Z,0.49708840250968933,0.5029115974903107,0.49799174070358276,0.4185549020767212,0.5787787437438965,0.007826185785233974
NIO_2023_BIPARJOY_20230613_0000Z,NIO_2023_BIPARJOY,2023-06-13T00:00:00Z,0.49676546454429626,0.5032345354557037,0.4978615343570709,0.41869431734085083,0.5777527093887329,0.007970043458044529
NIO_2023_BIPARJOY_20230613_0300Z,NIO_2023_BIPARJOY,2023-06-13T03:00:00Z,0.49628394842147827,0.5037160515785217,0.4976854920387268,0.4217895567417145,0.5729516744613647,0.008017034269869328
NIO_2023_BIPARJOY_20230613_0600Z,NIO_2023_BIPARJOY,2023-06-13T06:00:00Z,0.496291846036911,0.503708153963089,0.4977969527244568,0.4233109951019287,0.5719858407974243,0.008090839721262455
NIO_2023_BIPARJOY_20230613_0900Z,NIO_2023_BIPARJOY,2023-06-13T09:00:00Z,0.49666962027549744,0.5033303797245026,0.49809521436691284,0.41983291506767273,0.5763779878616333,0.008235598914325237
NIO_2023_BIPARJOY_20230613_1200Z,NIO_2023_BIPARJOY,2023-06-13T12:00:00Z,0.49698057770729065,0.5030194222927094,0.4982907176017761,0.41549867391586304,0.5813628435134888,0.008615427650511265
NIO_2023_BIPARJOY_20230613_1500Z,NIO_2023_BIPARJOY,2023-06-13T15:00:00Z,0.49732235074043274,0.5026776492595673,0.49832776188850403,0.4157329201698303,0.5821916460990906,0.008348642848432064
NIO_2023_BIPARJOY_20230613_1800Z,NIO_2023_BIPARJOY,2023-06-13T18:00:00Z,0.49724262952804565,0.5027573704719543,0.4982472360134125,0.41525721549987793,0.5824916958808899,0.008386974222958088
NIO_2023_BIPARJOY_20230613_2100Z,NIO_2023_BIPARJOY,2023-06-13T21:00:00Z,0.49703165888786316,0.5029683411121368,0.4982393980026245,0.41401246190071106,0.5830586552619934,0.008459161035716534
NIO_2023_BIPARJOY_20230614_0000Z,NIO_2023_BIPARJOY,2023-06-14T00:00:00Z,0.4964888095855713,0.5035111904144287,0.4979000389575958,0.4129922389984131,0.582691490650177,0.00869452953338623
NIO_2023_BIPARJOY_20230614_0300Z,NIO_2023_BIPARJOY,2023-06-14T03:00:00Z,0.4959910809993744,0.5040089190006256,0.49764329195022583,0.4167344272136688,0.5787919759750366,0.008738930337131023
NIO_2023_BIPARJOY_20230614_0600Z,NIO_2023_BIPARJOY,2023-06-14T06:00:00Z,0.496059775352478,0.503940224647522,0.4976751208305359,0.4194110631942749,0.5766187310218811,0.008425113745033741
NIO_2023_BIPARJOY_20230614_0900Z,NIO_2023_BIPARJOY,2023-06-14T09:00:00Z,0.4963294565677643,0.5036705434322357,0.4980810880661011,0.41610032320022583,0.5797423720359802,0.008741968311369419
NIO_2023_BIPARJOY_20230614_1200Z,NIO_2023_BIPARJOY,2023-06-14T12:00:00Z,0.49684596061706543,0.5031540393829346,0.49827542901039124,0.4157011806964874,0.5815573930740356,0.008501587435603142
NIO_2023_BIPARJOY_20230614_1500Z,NIO_2023_BIPARJOY,2023-06-14T15:00:00Z,0.4970976710319519,0.5029023289680481,0.4982494115829468,0.4177877604961395,0.5805715322494507,0.008278368040919304
NIO_2023_BIPARJOY_20230614_1800Z,NIO_2023_BIPARJOY,2023-06-14T18:00:00Z,0.4973178505897522,0.5026821494102478,0.4982492923736572,0.4199274480342865,0.5794330835342407,0.007873700000345707
NIO_2023_BIPARJOY_20230615_0000Z,NIO_2023_BIPARJOY,2023-06-15T00:00:00Z,0.49690231680870056,0.5030976831912994,0.49792414903640747,0.4218508005142212,0.5772455930709839,0.007498802617192268
NIO_2023_BIPARJOY_20230615_0300Z,NIO_2023_BIPARJOY,2023-06-15T03:00:00Z,0.4965790808200836,0.5034209191799164,0.4975121021270752,0.4258320927619934,0.5719102025032043,0.007028300315141678
NIO_2023_BIPARJOY_20230615_0600Z,NIO_2023_BIPARJOY,2023-06-15T06:00:00Z,0.49669793248176575,0.5033020675182343,0.4975840151309967,0.4276323616504669,0.5701496601104736,0.006575798150151968
NIO_2023_BIPARJOY_20230615_1200Z,NIO_2023_BIPARJOY,2023-06-15T12:00:00Z,0.4976426362991333,0.5023573637008667,0.49818235635757446,0.4238120913505554,0.5760928392410278,0.006338768173009157
NIO_2023_BIPARJOY_20230615_1800Z,NIO_2023_BIPARJOY,2023-06-15T18:00:00Z,0.49791258573532104,0.502087414264679,0.4982873797416687,0.426135778427124,0.5728930830955505,0.0056430865079164505
NIO_2023_BIPARJOY_20230616_0000Z,NIO_2023_BIPARJOY,2023-06-16T00:00:00Z,0.49729347229003906,0.5027065277099609,0.4981110692024231,0.4271634817123413,0.5699203610420227,0.00567968562245369
NIO_2023_BIPARJOY_20230616_0300Z,NIO_2023_BIPARJOY,2023-06-16T03:00:00Z,0.49701154232025146,0.5029884576797485,0.49792206287384033,0.43174827098846436,0.5640977621078491,0.0053105708211660385
NIO_2023_BIPARJOY_20230616_0600Z,NIO_2023_BIPARJOY,2023-06-16T06:00:00Z,0.4969336986541748,0.5030663013458252,0.49780696630477905,0.4337482154369354,0.5622813701629639,0.00518740015104413
NIO_2023_BIPARJOY_20230616_1200Z,NIO_2023_BIPARJOY,2023-06-16T12:00:00Z,0.49793609976768494,0.5020639002323151,0.49822232127189636,0.43134260177612305,0.5683892369270325,0.005203909706324339
NIO_2023_BIPARJOY_20230616_1800Z,NIO_2023_BIPARJOY,2023-06-16T18:00:00Z,0.4982779026031494,0.5017220973968506,0.49819666147232056,0.4296323359012604,0.5708483457565308,0.005272829905152321
NIO_2023_BIPARJOY_20230617_0000Z,NIO_2023_BIPARJOY,2023-06-17T00:00:00Z,0.49798914790153503,0.502010852098465,0.49827277660369873,0.4282856285572052,0.5707504749298096,0.005409363191574812
NIO_2023_HAMOON_20231021_2100Z,NIO_2023_HAMOON,2023-10-21T21:00:00Z,0.49755150079727173,0.5024484992027283,0.4980270266532898,0.43312907218933105,0.5652097463607788,0.004664962645620108
NIO_2023_HAMOON_20231022_0000Z,NIO_2023_HAMOON,2023-10-22T00:00:00Z,0.49737489223480225,0.5026251077651978,0.49787652492523193,0.43156182765960693,0.567101240158081,0.004953807685524225
NIO_2023_HAMOON_20231022_0300Z,NIO_2023_HAMOON,2023-10-22T03:00:00Z,0.4970376193523407,0.5029623806476593,0.49781468510627747,0.431776762008667,0.5654629468917847,0.0050319829024374485
NIO_2023_HAMOON_20231022_0600Z,NIO_2023_HAMOON,2023-10-22T06:00:00Z,0.49688538908958435,0.5031146109104156,0.49774789810180664,0.4326940178871155,0.5638865828514099,0.0049105361104011536
NIO_2023_HAMOON_20231022_0900Z,NIO_2023_HAMOON,2023-10-22T09:00:00Z,0.4970009922981262,0.5029990077018738,0.4978143870830536,0.43141743540763855,0.565818190574646,0.004892256110906601
NIO_2023_HAMOON_20231022_1200Z,NIO_2023_HAMOON,2023-10-22T12:00:00Z,0.4969687759876251,0.5030312240123749,0.4978291988372803,0.43031901121139526,0.5671222805976868,0.004843649920076132
NIO_2023_HAMOON_20231022_1500Z,NIO_2023_HAMOON,2023-10-22T15:00:00Z,0.49713876843452454,0.5028612315654755,0.4979902505874634,0.4302448332309723,0.5668385624885559,0.004592357203364372
NIO_2023_HAMOON_20231022_1800Z,NIO_2023_HAMOON,2023-10-22T18:00:00Z,0.49714919924736023,0.5028508007526398,0.49804794788360596,0.4308728575706482,0.5657941699028015,0.004328154493123293
NIO_2023_HAMOON_20231023_0000Z,NIO_2023_HAMOON,2023-10-23T00:00:00Z,0.4970891773700714,0.5029108226299286,0.4978647530078888,0.4311853349208832,0.5645523071289062,0.004012260120362043
NIO_2023_HAMOON_20231023_0300Z,NIO_2023_HAMOON,2023-10-23T03:00:00Z,0.49684402346611023,0.5031559765338898,0.497802197933197,0.43289393186569214,0.5614572763442993,0.004055353347212076
NIO_2023_HAMOON_20231023_0600Z,NIO_2023_HAMOON,2023-10-23T06:00:00Z,0.4968625605106354,0.5031374394893646,0.4977951943874359,0.4339256286621094,0.560175359249115,0.00401286780834198
NIO_2023_MICHAUNG_20231201_0000Z,NIO_2023_MICHAUNG,2023-12-01T00:00:00Z,0.49611812829971313,0.5038818717002869,0.4972779154777527,0.42539796233177185,0.5690271854400635,0.005914303008466959
NIO_2023_MICHAUNG_20231201_0600Z,NIO_2023_MICHAUNG,2023-12-01T06:00:00Z,0.49578210711479187,0.5042178928852081,0.4973960816860199,0.42693856358528137,0.5674937963485718,0.006553725805133581
NIO_2023_MICHAUNG_20231201_1200Z,NIO_2023_MICHAUNG,2023-12-01T12:00:00Z,0.49568864703178406,0.5043113529682159,0.49767500162124634,0.425458699464798,0.5690128207206726,0.007368156220763922
NIO_2023_MICHAUNG_20231201_1800Z,NIO_2023_MICHAUNG,2023-12-01T18:00:00Z,0.4953562021255493,0.5046437978744507,0.4976889491081238,0.4229861795902252,0.5718886256217957,0.007877817377448082
NIO_2023_MICHAUNG_20231202_0000Z,NIO_2023_MICHAUNG,2023-12-02T00:00:00Z,0.4949996769428253,0.5050003230571747,0.4974035918712616,0.41507092118263245,0.5775396823883057,0.00841855350881815
NIO_2023_MICHAUNG_20231202_0600Z,NIO_2023_MICHAUNG,2023-12-02T06:00:00Z,0.49493250250816345,0.5050674974918365,0.4973841905593872,0.413515567779541,0.5796354413032532,0.008987542241811752
NIO_2023_MICHAUNG_20231202_1200Z,NIO_2023_MICHAUNG,2023-12-02T12:00:00Z,0.4950301945209503,0.5049698054790497,0.4974890947341919,0.4102889597415924,0.5819549560546875,0.009219462983310223
NIO_2023_MICHAUNG_20231202_1800Z,NIO_2023_MICHAUNG,2023-12-02T18:00:00Z,0.4950162172317505,0.5049837827682495,0.497592031955719,0.41044607758522034,0.581229031085968,0.008830335922539234
NIO_2023_MICHAUNG_20231203_0000Z,NIO_2023_MICHAUNG,2023-12-03T00:00:00Z,0.49484696984291077,0.5051530301570892,0.49747607111930847,0.4071645736694336,0.5831726789474487,0.009258118458092213
NIO_2023_MICHAUNG_20231203_0300Z,NIO_2023_MICHAUNG,2023-12-03T03:00:00Z,0.4949708580970764,0.5050291419029236,0.4974205791950226,0.4071542024612427,0.5839570164680481,0.00967434886842966
NIO_2023_MICHAUNG_20231203_0600Z,NIO_2023_MICHAUNG,2023-12-03T06:00:00Z,0.49475812911987305,0.505241870880127,0.49738407135009766,0.40726110339164734,0.5836923718452454,0.009914552792906761
NIO_2023_MICHAUNG_20231203_0900Z,NIO_2023_MICHAUNG,2023-12-03T09:00:00Z,0.49484455585479736,0.5051554441452026,0.49732908606529236,0.4064413607120514,0.585087776184082,0.010337967425584793
NIO_2023_MICHAUNG_20231203_1200Z,NIO_2023_MICHAUNG,2023-12-03T12:00:00Z,0.4949919283390045,0.5050080716609955,0.49755996465682983,0.408072292804718,0.5845011472702026,0.010418501682579517
NIO_2023_MICHAUNG_20231203_1500Z,NIO_2023_MICHAUNG,2023-12-03T15:00:00Z,0.49520376324653625,0.5047962367534637,0.49761295318603516,0.41087543964385986,0.5834321975708008,0.010158275254070759
NIO_2023_MICHAUNG_20231203_1800Z,NIO_2023_MICHAUNG,2023-12-03T18:00:00Z,0.49525293707847595,0.504747062921524,0.4977002739906311,0.4126002788543701,0.5826689600944519,0.009614950977265835
NIO_2023_MICHAUNG_20231204_0000Z,NIO_2023_MICHAUNG,2023-12-04T00:00:00Z,0.49558225274086,0.50441774725914,0.4977256953716278,0.41540291905403137,0.5808565020561218,0.009001926518976688
NIO_2023_MIDHILI_20231115_0600Z,NIO_2023_MIDHILI,2023-11-15T06:00:00Z,0.4967605471611023,0.5032394528388977,0.49795395135879517,0.431724488735199,0.564173698425293,0.0048405942507088184
NIO_2023_MIDHILI_20231115_1200Z,NIO_2023_MIDHILI,2023-11-15T12:00:00Z,0.49680382013320923,0.5031961798667908,0.4977673590183258,0.43220454454421997,0.5640394687652588,0.0048033627681434155
NIO_2023_MIDHILI_20231115_1800Z,NIO_2023_MIDHILI,2023-11-15T18:00:00Z,0.4966175854206085,0.5033824145793915,0.4976707100868225,0.4315183758735657,0.5637332201004028,0.0050252024084329605
NIO_2023_MIDHILI_20231116_0000Z,NIO_2023_MIDHILI,2023-11-16T00:00:00Z,0.49644994735717773,0.5035500526428223,0.4978111684322357,0.429943323135376,0.5647168755531311,0.005332079250365496
NIO_2023_MOCHA_20230509_1200Z,NIO_2023_MOCHA,2023-05-09T12:00:00Z,0.4978412389755249,0.5021587610244751,0.49889156222343445,0.4262310862541199,0.5730892419815063,0.0055186874233186245
NIO_2023_MOCHA_20230509_1800Z,NIO_2023_MOCHA,2023-05-09T18:00:00Z,0.49788886308670044,0.5021111369132996,0.49888917803764343,0.42322996258735657,0.5757104754447937,0.005929658655077219
NIO_2023_MOCHA_20230510_0000Z,NIO_2023_MOCHA,2023-05-10T00:00:00Z,0.4971790313720703,0.5028209686279297,0.4987994134426117,0.41954153776168823,0.5774402022361755,0.006322165485471487
NIO_2023_MOCHA_20230510_0600Z,NIO_2023_MOCHA,2023-05-10T06:00:00Z,0.49698078632354736,0.5030192136764526,0.4984760284423828,0.42614808678627014,0.5703324675559998,0.005906135309487581
NIO_2023_MOCHA_20230510_1200Z,NIO_2023_MOCHA,2023-05-10T12:00:00Z,0.49792495369911194,0.5020750463008881,0.4989541471004486,0.4227510988712311,0.5771929025650024,0.005651077721267939
NIO_2023_MOCHA_20230510_1800Z,NIO_2023_MOCHA,2023-05-10T18:00:00Z,0.4986809194087982,0.5013190805912018,0.4989655315876007,0.42702528834342957,0.5742176175117493,0.00485084718093276
NIO_2023_MOCHA_20230511_0000Z,NIO_2023_MOCHA,2023-05-11T00:00:00Z,0.4983522295951843,0.5016477704048157,0.4989168345928192,0.429501473903656,0.5708391070365906,0.004549476783722639
NIO_2023_MOCHA_20230511_0300Z,NIO_2023_MOCHA,2023-05-11T03:00:00Z,0.49778100848197937,0.5022189915180206,0.4985577464103699,0.4321415424346924,0.5660169124603271,0.004389181267470121
NIO_2023_MOCHA_20230511_0600Z,NIO_2023_MOCHA,2023-05-11T06:00:00Z,0.4975537955760956,0.5024462044239044,0.4984883964061737,0.43266767263412476,0.565177857875824,0.004715209361165762
NIO_2023_MOCHA_20230511_0900Z,NIO_2023_MOCHA,2023-05-11T09:00:00Z,0.4977313280105591,0.5022686719894409,0.4985528290271759,0.4295652508735657,0.5701434016227722,0.005227057728916407
NIO_2023_MOCHA_20230511_1200Z,NIO_2023_MOCHA,2023-05-11T12:00:00Z,0.4977753758430481,0.5022246241569519,0.49866995215415955,0.4254423975944519,0.5744648575782776,0.005853800568729639
NIO_2023_MOCHA_20230511_1800Z,NIO_2023_MOCHA,2023-05-11T18:00:00Z,0.4974620044231415,0.5025379955768585,0.49827322363853455,0.41983258724212646,0.579441249370575,0.006877535488456488
NIO_2023_MOCHA_20230511_2100Z,NIO_2023_MOCHA,2023-05-11T21:00:00Z,0.4970897436141968,0.5029102563858032,0.4982026219367981,0.41698601841926575,0.5814598798751831,0.0073157199658453465
NIO_2023_MOCHA_20230512_0000Z,NIO_2023_MOCHA,2023-05-12T00:00:00Z,0.49682119488716125,0.5031788051128387,0.4981946349143982,0.41686227917671204,0.5807507038116455,0.007512399926781654
NIO_2023_MOCHA_20230512_0600Z,NIO_2023_MOCHA,2023-05-12T06:00:00Z,0.49655893445014954,0.5034410655498505,0.49825870990753174,0.41979748010635376,0.5776426196098328,0.007851328700780869
NIO_2023_MOCHA_20230512_0900Z,NIO_2023_MOCHA,2023-05-12T09:00:00Z,0.4970504939556122,0.5029495060443878,0.4987214207649231,0.41474688053131104,0.583595871925354,0.00809383299201727
NIO_2023_MOCHA_20230512_1200Z,NIO_2023_MOCHA,2023-05-12T12:00:00Z,0.49751099944114685,0.5024890005588531,0.49902334809303284,0.41309672594070435,0.5856481194496155,0.007845972664654255
NIO_2023_MOCHA_20230512_1800Z,NIO_2023_MOCHA,2023-05-12T18:00:00Z,0.4977683424949646,0.5022316575050354,0.49867916107177734,0.416769415140152,0.5825818181037903,0.006961421575397253
NIO_2023_MOCHA_20230512_2100Z,NIO_2023_MOCHA,2023-05-12T21:00:00Z,0.49768680334091187,0.5023131966590881,0.4987338185310364,0.4181565046310425,0.5805769562721252,0.006662249565124512
NIO_2023_MOCHA_20230513_0000Z,NIO_2023_MOCHA,2023-05-13T00:00:00Z,0.49701380729675293,0.5029861927032471,0.4985095262527466,0.4192745089530945,0.5774374008178711,0.006531249266117811
NIO_2023_TEJ_20231020_0600Z,NIO_2023_TEJ,2023-10-20T06:00:00Z,0.4966565668582916,0.5033434331417084,0.4982420802116394,0.4347526431083679,0.5590331554412842,0.005232402589172125
NIO_2023_TEJ_20231020_1200Z,NIO_2023_TEJ,2023-10-20T12:00:00Z,0.4972979426383972,0.5027020573616028,0.4982745051383972,0.4341028332710266,0.5622884631156921,0.0046015153639018536
NIO_2023_TEJ_20231020_1800Z,NIO_2023_TEJ,2023-10-20T18:00:00Z,0.49779897928237915,0.5022010207176208,0.4982621967792511,0.4334968626499176,0.5642022490501404,0.003982467111200094
NIO_2023_TEJ_20231021_0000Z,NIO_2023_TEJ,2023-10-21T00:00:00Z,0.49756085872650146,0.5024391412734985,0.49835312366485596,0.43233799934387207,0.5654236078262329,0.004271031357347965
NIO_2023_TEJ_20231021_0300Z,NIO_2023_TEJ,2023-10-21T03:00:00Z,0.49712231755256653,0.5028776824474335,0.4983498752117157,0.4330102801322937,0.5634949803352356,0.004452559631317854
NIO_2023_TEJ_20231021_0600Z,NIO_2023_TEJ,2023-10-21T06:00:00Z,0.4970182478427887,0.5029817521572113,0.49832358956336975,0.43449246883392334,0.560882031917572,0.0043441359885036945
NIO_2023_TEJ_20231021_0900Z,NIO_2023_TEJ,2023-10-21T09:00:00Z,0.497118204832077,0.502881795167923,0.49832016229629517,0.434084415435791,0.5622835159301758,0.004330769181251526
NIO_2023_TEJ_20231021_1200Z,NIO_2023_TEJ,2023-10-21T12:00:00Z,0.4972471594810486,0.5027528405189514,0.4982699751853943,0.4333718419075012,0.5636197328567505,0.004495594184845686
NIO_2023_TEJ_20231021_1500Z,NIO_2023_TEJ,2023-10-21T15:00:00Z,0.4973057210445404,0.5026942789554596,0.4981963038444519,0.43312200903892517,0.5644398331642151,0.004631523042917252
NIO_2023_TEJ_20231021_1800Z,NIO_2023_TEJ,2023-10-21T18:00:00Z,0.4974234104156494,0.5025765895843506,0.49820762872695923,0.43295395374298096,0.5644398331642151,0.004667840898036957
NIO_2023_TEJ_20231021_2100Z,NIO_2023_TEJ,2023-10-21T21:00:00Z,0.49755150079727173,0.5024484992027283,0.4980270266532898,0.43312907218933105,0.5652097463607788,0.004664962645620108
NIO_2023_TEJ_20231022_0000Z,NIO_2023_TEJ,2023-10-22T00:00:00Z,0.49737489223480225,0.5026251077651978,0.49787652492523193,0.43156182765960693,0.567101240158081,0.004953807685524225
NIO_2023_TEJ_20231022_0300Z,NIO_2023_TEJ,2023-10-22T03:00:00Z,0.4970376193523407,0.5029623806476593,0.49781468510627747,0.431776762008667,0.5654629468917847,0.0050319829024374485
NIO_2023_TEJ_20231022_0600Z,NIO_2023_TEJ,2023-10-22T06:00:00Z,0.49688538908958435,0.5031146109104156,0.49774789810180664,0.4326940178871155,0.5638865828514099,0.0049105361104011536
NIO_2023_TEJ_20231022_0900Z,NIO_2023_TEJ,2023-10-22T09:00:00Z,0.4970009922981262,0.5029990077018738,0.4978143870830536,0.43141743540763855,0.565818190574646,0.004892256110906601
NIO_2023_TEJ_20231022_1200Z,NIO_2023_TEJ,2023-10-22T12:00:00Z,0.4969687759876251,0.5030312240123749,0.4978291988372803,0.43031901121139526,0.5671222805976868,0.004843649920076132
NIO_2023_UNNAMED_2_2_1_20230130_0600Z,NIO_2023_UNNAMED_2_2_1,2023-01-30T06:00:00Z,0.4970178008079529,0.5029821991920471,0.4978553056716919,0.4318821430206299,0.5632299184799194,0.004048365168273449
NIO_2023_UNNAMED_2_2_1_20230130_1200Z,NIO_2023_UNNAMED_2_2_1,2023-01-30T12:00:00Z,0.49739378690719604,0.502606213092804,0.49817174673080444,0.4342496991157532,0.5605551600456238,0.0034018128644675016
NIO_2023_UNNAMED_2_2_1_20230130_1800Z,NIO_2023_UNNAMED_2_2_1,2023-01-30T18:00:00Z,0.4974149763584137,0.5025850236415863,0.4983071982860565,0.43571174144744873,0.5584490895271301,0.0028251453768461943
NIO_2023_UNNAMED_2_2_1_20230131_0000Z,NIO_2023_UNNAMED_2_2_1,2023-01-31T00:00:00Z,0.497251957654953,0.502748042345047,0.4983833432197571,0.4351281523704529,0.5587584972381592,0.003187337191775441
NIO_2023_UNNAMED_2_2_1_20230131_0600Z,NIO_2023_UNNAMED_2_2_1,2023-01-31T06:00:00Z,0.497154176235199,0.502845823764801,0.4984648823738098,0.4355827569961548,0.5580266714096069,0.0031802773009985685
NIO_2023_UNNAMED_2_2_1_20230131_1200Z,NIO_2023_UNNAMED_2_2_1,2023-01-31T12:00:00Z,0.4975156784057617,0.5024843215942383,0.49844682216644287,0.43623456358909607,0.5589021444320679,0.0031808193307369947
NIO_2024_ASNA_20240825_0000Z,NIO_2024_ASNA,2024-08-25T00:00:00Z,0.49614137411117554,0.5038586258888245,0.49747446179389954,0.39920833706855774,0.5947297215461731,0.008263344876468182
NIO_2024_ASNA_20240825_0600Z,NIO_2024_ASNA,2024-08-25T06:00:00Z,0.4956152141094208,0.5043847858905792,0.497173011302948,0.407988041639328,0.586711049079895,0.00808194000273943
NIO_2024_ASNA_20240825_1200Z,NIO_2024_ASNA,2024-08-25T12:00:00Z,0.4960104823112488,0.5039895176887512,0.49752330780029297,0.40324902534484863,0.5917445421218872,0.0082956338301301
NIO_2024_ASNA_20240825_1800Z,NIO_2024_ASNA,2024-08-25T18:00:00Z,0.49587294459342957,0.5041270554065704,0.49773406982421875,0.3968305289745331,0.594854474067688,0.008557823486626148
NIO_2024_ASNA_20240826_0000Z,NIO_2024_ASNA,2024-08-26T00:00:00Z,0.49576520919799805,0.504234790802002,0.4976564645767212,0.39378875494003296,0.5971108675003052,0.008541290648281574
NIO_2024_ASNA_20240826_0600Z,NIO_2024_ASNA,2024-08-26T06:00:00Z,0.4950339198112488,0.5049660801887512,0.4971805214881897,0.40120625495910645,0.5880247354507446,0.008780411444604397
NIO_2024_ASNA_20240826_1200Z,NIO_2024_ASNA,2024-08-26T12:00:00Z,0.49612945318222046,0.5038705468177795,0.4977805018424988,0.3982412815093994,0.5945321321487427,0.008665082044899464
NIO_2024_ASNA_20240826_1800Z,NIO_2024_ASNA,2024-08-26T18:00:00Z,0.49656838178634644,0.5034316182136536,0.49799221754074097,0.39717820286750793,0.5958927273750305,0.008243553340435028
NIO_2024_ASNA_20240827_0000Z,NIO_2024_ASNA,2024-08-27T00:00:00Z,0.49673062562942505,0.503269374370575,0.4981513023376465,0.39410701394081116,0.5985910296440125,0.008016078732907772
NIO_2024_ASNA_20240827_0600Z,NIO_2024_ASNA,2024-08-27T06:00:00Z,0.4964008331298828,0.5035991668701172,0.497952938079834,0.40294763445854187,0.589948296546936,0.007838406600058079
NIO_2024_ASNA_20240827_1200Z,NIO_2024_ASNA,2024-08-27T12:00:00Z,0.49678510427474976,0.5032148957252502,0.49845895171165466,0.3955917954444885,0.5974858999252319,0.008700254373252392
NIO_2024_ASNA_20240827_1800Z,NIO_2024_ASNA,2024-08-27T18:00:00Z,0.49704620242118835,0.5029537975788116,0.4987226128578186,0.3950992822647095,0.5980321764945984,0.008753187023103237
NIO_2024_ASNA_20240828_0000Z,NIO_2024_ASNA,2024-08-28T00:00:00Z,0.4964800477027893,0.5035199522972107,0.49834954738616943,0.3905712962150574,0.6008367538452148,0.009386627934873104
NIO_2024_ASNA_20240828_0600Z,NIO_2024_ASNA,2024-08-28T06:00:00Z,0.4962969124317169,0.5037030875682831,0.4978853464126587,0.4037975072860718,0.5878961682319641,0.009341332130134106
NIO_2024_ASNA_20240828_1200Z,NIO_2024_ASNA,2024-08-28T12:00:00Z,0.496719092130661,0.503280907869339,0.49820709228515625,0.4016546905040741,0.5925377607345581,0.00942201353609562
NIO_2024_ASNA_20240828_1800Z,NIO_2024_ASNA,2024-08-28T18:00:00Z,0.49686112999916077,0.5031388700008392,0.49790650606155396,0.4066665768623352,0.5885679721832275,0.008784188888967037
NIO_2024_ASNA_20240829_0000Z,NIO_2024_ASNA,2024-08-29T00:00:00Z,0.4965161085128784,0.5034838914871216,0.4978001117706299,0.4049968719482422,0.5899598002433777,0.00828127283602953
NIO_2024_ASNA_20240829_0600Z,NIO_2024_ASNA,2024-08-29T06:00:00Z,0.4960758686065674,0.5039241313934326,0.4975128769874573,0.41539275646209717,0.5794273614883423,0.007622972130775452
NIO_2024_ASNA_20240829_1200Z,NIO_2024_ASNA,2024-08-29T12:00:00Z,0.4970799684524536,0.5029200315475464,0.4982520043849945,0.41232800483703613,0.5840148329734802,0.007336415350437164
NIO_2024_ASNA_20240829_1800Z,NIO_2024_ASNA,2024-08-29T18:00:00Z,0.49741247296333313,0.5025875270366669,0.49827539920806885,0.41573530435562134,0.5821819305419922,0.006714254152029753
NIO_2024_ASNA_20240830_0000Z,NIO_2024_ASNA,2024-08-30T00:00:00Z,0.49717608094215393,0.5028239190578461,0.4981837868690491,0.41284292936325073,0.5844840407371521,0.007150821387767792
NIO_2024_ASNA_20240830_0300Z,NIO_2024_ASNA,2024-08-30T03:00:00Z,0.49665579199790955,0.5033442080020905,0.4976637065410614,0.41619977355003357,0.5804437398910522,0.007210848852992058
NIO_2024_ASNA_20240830_0600Z,NIO_2024_ASNA,2024-08-30T06:00:00Z,0.49642831087112427,0.5035716891288757,0.49772995710372925,0.4175310730934143,0.5786994099617004,0.0073827230371534824
NIO_2024_ASNA_20240830_0900Z,NIO_2024_ASNA,2024-08-30T09:00:00Z,0.49670925736427307,0.5032907426357269,0.4980306923389435,0.40976178646087646,0.5858469605445862,0.008122640661895275
NIO_2024_ASNA_20240830_1200Z,NIO_2024_ASNA,2024-08-30T12:00:00Z,0.49699273705482483,0.5030072629451752,0.49824589490890503,0.40427127480506897,0.5916984677314758,0.00837981328368187
NIO_2024_ASNA_20240830_1800Z,NIO_2024_ASNA,2024-08-30T18:00:00Z,0.49725741147994995,0.50274258852005,0.4982377886772156,0.40025338530540466,0.5962738394737244,0.00835076067596674
NIO_2024_ASNA_20240831_0000Z,NIO_2024_ASNA,2024-08-31T00:00:00Z,0.4971862733364105,0.5028137266635895,0.49815768003463745,0.3989533483982086,0.5965844392776489,0.008426017127931118
NIO_2024_ASNA_20240831_0300Z,NIO_2024_ASNA,2024-08-31T03:00:00Z,0.4968745708465576,0.5031254291534424,0.4979434013366699,0.4082077741622925,0.5870959758758545,0.007694436702877283
NIO_2024_DANA_20241022_0000Z,NIO_2024_DANA,2024-10-22T00:00:00Z,0.4977050721645355,0.5022949278354645,0.4983524680137634,0.4384622573852539,0.5563951730728149,0.00272330897860229
NIO_2024_DANA_20241022_0600Z,NIO_2024_DANA,2024-10-22T06:00:00Z,0.4973396062850952,0.5026603937149048,0.4984332323074341,0.43899276852607727,0.5551150441169739,0.0035413370933383703
NIO_2024_DANA_20241022_1200Z,NIO_2024_DANA,2024-10-22T12:00:00Z,0.49736541509628296,0.502634584903717,0.4984896779060364,0.4367423951625824,0.5591095685958862,0.004585782531648874
NIO_2024_DANA_20241022_1800Z,NIO_2024_DANA,2024-10-22T18:00:00Z,0.4973403811454773,0.5026596188545227,0.49862605333328247,0.4359464645385742,0.5599468946456909,0.004407499451190233
NIO_2024_FENGAL_20241125_0600Z,NIO_2024_FENGAL,2024-11-25T06:00:00Z,0.49609073996543884,0.5039092600345612,0.49797168374061584,0.42670267820358276,0.5684189796447754,0.006945198867470026
NIO_2024_FENGAL_20241125_1200Z,NIO_2024_FENGAL,2024-11-25T12:00:00Z,0.49620452523231506,0.5037954747676849,0.4978310465812683,0.42381370067596436,0.571923553943634,0.007761445362120867
NIO_2024_FENGAL_20241125_1800Z,NIO_2024_FENGAL,2024-11-25T18:00:00Z,0.4959699511528015,0.5040300488471985,0.49786972999572754,0.4236763119697571,0.5716271996498108,0.007746491115540266
NIO_2024_FENGAL_20241126_0000Z,NIO_2024_FENGAL,2024-11-26T00:00:00Z,0.4957221746444702,0.5042778253555298,0.49786704778671265,0.4233284592628479,0.5724973082542419,0.008458721451461315
NIO_2024_FENGAL_20241126_0600Z,NIO_2024_FENGAL,2024-11-26T06:00:00Z,0.4955972135066986,0.5044027864933014,0.49788951873779297,0.42493242025375366,0.5705331563949585,0.008339711464941502
NIO_2024_FENGAL_20241126_1200Z,NIO_2024_FENGAL,2024-11-26T12:00:00Z,0.4961097538471222,0.5038902461528778,0.49788951873779297,0.42197683453559875,0.5747430324554443,0.008410509675741196
NIO_2024_FENGAL_20241126_1800Z,NIO_2024_FENGAL,2024-11-26T18:00:00Z,0.4961027204990387,0.5038972795009613,0.49805518984794617,0.4189850091934204,0.5763931274414062,0.008119101636111736
NIO_2024_FENGAL_20241127_0000Z,NIO_2024_FENGAL,2024-11-27T00:00:00Z,0.4961981177330017,0.5038018822669983,0.49824804067611694,0.41694900393486023,0.5781204700469971,0.00793325062841177
NIO_2024_FENGAL_20241127_0600Z,NIO_2024_FENGAL,2024-11-27T06:00:00Z,0.49619919061660767,0.5038008093833923,0.4983207881450653,0.41975146532058716,0.5758955478668213,0.007684033364057541
NIO_2024_FENGAL_20241127_1200Z,NIO_2024_FENGAL,2024-11-27T12:00:00Z,0.4966401755809784,0.5033598244190216,0.49815627932548523,0.4232737720012665,0.5734862089157104,0.006783120799809694
NIO_2024_FENGAL_20241127_1800Z,NIO_2024_FENGAL,2024-11-27T18:00:00Z,0.4964130222797394,0.5035869777202606,0.49804461002349854,0.4234258234500885,0.572382926940918,0.00677252234891057
NIO_2024_FENGAL_20241128_0000Z,NIO_2024_FENGAL,2024-11-28T00:00:00Z,0.4959118068218231,0.5040881931781769,0.497897744178772,0.42224565148353577,0.5725569128990173,0.00746917026117444
NIO_2024_FENGAL_20241128_0600Z,NIO_2024_FENGAL,2024-11-28T06:00:00Z,0.4954809844493866,0.5045190155506134,0.4977257251739502,0.42196279764175415,0.5727043151855469,0.008463680744171143
NIO_2024_FENGAL_20241128_1200Z,NIO_2024_FENGAL,2024-11-28T12:00:00Z,0.49552032351493835,0.5044796764850616,0.4975590705871582,0.4224180579185486,0.5730188488960266,0.008208878338336945
NIO_2024_FENGAL_20241128_1800Z,NIO_2024_FENGAL,2024-11-28T18:00:00Z,0.49579980969429016,0.5042001903057098,0.49747371673583984,0.42477861046791077,0.5721200108528137,0.0073632425628602505
NIO_2024_FENGAL_20241129_0000Z,NIO_2024_FENGAL,2024-11-29T00:00:00Z,0.4957309067249298,0.5042690932750702,0.4976058602333069,0.4243282079696655,0.5723914504051208,0.007156287785619497
NIO_2024_FENGAL_20241129_0300Z,NIO_2024_FENGAL,2024-11-29T03:00:00Z,0.4958418011665344,0.5041581988334656,0.49761947989463806,0.42618170380592346,0.5705837607383728,0.007121978793293238
NIO_2024_FENGAL_20241129_0600Z,NIO_2024_FENGAL,2024-11-29T06:00:00Z,0.49611347913742065,0.5038865208625793,0.49782276153564453,0.42828187346458435,0.568872332572937,0.007069734390825033
NIO_2024_FENGAL_20241129_1200Z,NIO_2024_FENGAL,2024-11-29T12:00:00Z,0.49613136053085327,0.5038686394691467,0.4979385733604431,0.42765775322914124,0.5686360001564026,0.007262186612933874
NIO_2024_FENGAL_20241129_1800Z,NIO_2024_FENGAL,2024-11-29T18:00:00Z,0.49636831879615784,0.5036316812038422,0.49799755215644836,0.42876383662223816,0.5678279399871826,0.006766768638044596
NIO_2024_LAT_20240831_0000Z,NIO_2024_LAT,2024-08-31T00:00:00Z,0.4971862733364105,0.5028137266635895,0.49815768003463745,0.3989533483982086,0.5965844392776489,0.008426017127931118
NIO_2024_LAT_20240831_0600Z,NIO_2024_LAT,2024-08-31T06:00:00Z,0.4967806935310364,0.5032193064689636,0.49787190556526184,0.4146431088447571,0.5814934968948364,0.00707998126745224
NIO_2024_LAT_20241013_1200Z,NIO_2024_LAT,2024-10-13T12:00:00Z,0.49647289514541626,0.5035271048545837,0.49821797013282776,0.40800750255584717,0.5854269862174988,0.007412879262119532
NIO_2024_NO_20240913_1200Z,NIO_2024_NO,2024-09-13T12:00:00Z,0.49683481454849243,0.5031651854515076,0.49807652831077576,0.4293203055858612,0.5681905746459961,0.0069896150380373
NIO_2024_NO_20240913_1800Z,NIO_2024_NO,2024-09-13T18:00:00Z,0.4969457685947418,0.5030542314052582,0.4978991746902466,0.4305741786956787,0.5676130056381226,0.0064914412796497345
NIO_2024_NO_20240914_0000Z,NIO_2024_NO,2024-09-14T00:00:00Z,0.4967329204082489,0.5032670795917511,0.49768465757369995,0.4294770061969757,0.5680882334709167,0.006496420595794916
NIO_2024_NO_20240914_0600Z,NIO_2024_NO,2024-09-14T06:00:00Z,0.49614784121513367,0.5038521587848663,0.497774600982666,0.4329978823661804,0.5611100196838379,0.005907518323510885
NIO_2024_NO_20240914_1200Z,NIO_2024_NO,2024-09-14T12:00:00Z,0.496895432472229,0.503104567527771,0.4984082579612732,0.4306366443634033,0.565829873085022,0.005467067006975412
NIO_2024_NO_20240914_1800Z,NIO_2024_NO,2024-09-14T18:00:00Z,0.4971621036529541,0.5028378963470459,0.49857163429260254,0.4300525188446045,0.5660691261291504,0.004910325165838003
NIO_2024_NO_20240915_0000Z,NIO_2024_NO,2024-09-15T00:00:00Z,0.49718835949897766,0.5028116405010223,0.49858713150024414,0.42731383442878723,0.5690203905105591,0.005390184000134468
NIO_2024_NO_20240915_0600Z,NIO_2024_NO,2024-09-15T06:00:00Z,0.4967319965362549,0.5032680034637451,0.4982543885707855,0.4289645552635193,0.5649366974830627,0.005406612530350685
NIO_2024_NO_20240915_1200Z,NIO_2024_NO,2024-09-15T12:00:00Z,0.4976327419281006,0.5023672580718994,0.49853500723838806,0.4264701008796692,0.5701789259910583,0.004890339449048042
NIO_2024_NO_20240915_1800Z,NIO_2024_NO,2024-09-15T18:00:00Z,0.49768248200416565,0.5023175179958344,0.4983605742454529,0.42724987864494324,0.5689997673034668,0.004189652856439352
NIO_2024_REMAL_20240524_0000Z,NIO_2024_REMAL,2024-05-24T00:00:00Z,0.49509361386299133,0.5049063861370087,0.4978507161140442,0.3855588436126709,0.6023588180541992,0.011819608509540558
NIO_2024_REMAL_20240524_0600Z,NIO_2024_REMAL,2024-05-24T06:00:00Z,0.49473702907562256,0.5052629709243774,0.4977566599845886,0.3973851799964905,0.5903345346450806,0.011194298975169659
NIO_2024_REMAL_20240524_1200Z,NIO_2024_REMAL,2024-05-24T12:00:00Z,0.4959118366241455,0.5040881633758545,0.49858129024505615,0.39297226071357727,0.5984753370285034,0.011154471896588802
NIO_2024_REMAL_20240524_1800Z,NIO_2024_REMAL,2024-05-24T18:00:00Z,0.4964113235473633,0.5035886764526367,0.49845021963119507,0.39533594250679016,0.5984727740287781,0.011110377497971058
NIO_2024_REMAL_20240525_0000Z,NIO_2024_REMAL,2024-05-25T00:00:00Z,0.49578413367271423,0.5042158663272858,0.4980630576610565,0.39057639241218567,0.6005298495292664,0.012878913432359695
NIO_2024_REMAL_20240525_0300Z,NIO_2024_REMAL,2024-05-25T03:00:00Z,0.4952389597892761,0.5047610402107239,0.49773696064949036,0.39853861927986145,0.5928598642349243,0.012918390333652496
NIO_2024_REMAL_20240525_0600Z,NIO_2024_REMAL,2024-05-25T06:00:00Z,0.495027631521225,0.504972368478775,0.49755948781967163,0.4011021554470062,0.5905162692070007,0.012738575227558613
NIO_2024_REMAL_20240525_1200Z,NIO_2024_REMAL,2024-05-25T12:00:00Z,0.4957999289035797,0.5042000710964203,0.49802786111831665,0.390765905380249,0.6026937365531921,0.012993010692298412
NIO_2024_REMAL_20240525_1500Z,NIO_2024_REMAL,2024-05-25T15:00:00Z,0.4961381256580353,0.5038618743419647,0.49816033244132996,0.3902924954891205,0.603251039981842,0.012231901288032532
NIO_2024_REMAL_20240525_1800Z,NIO_2024_REMAL,2024-05-25T18:00:00Z,0.4961507022380829,0.5038492977619171,0.49808716773986816,0.38946008682250977,0.6035561561584473,0.011648657731711864
NIO_2024_REMAL_20240526_0000Z,NIO_2024_REMAL,2024-05-26T00:00:00Z,0.4955049455165863,0.5044950544834137,0.4980037212371826,0.3847545385360718,0.606201708316803,0.012168540619313717
NIO_2024_REMAL_20240526_0300Z,NIO_2024_REMAL,2024-05-26T03:00:00Z,0.49479377269744873,0.5052062273025513,0.4975338280200958,0.38855668902397156,0.600171685218811,0.011987202800810337
NIO_2024_REMAL_20240526_0600Z,NIO_2024_REMAL,2024-05-26T06:00:00Z,0.49490687251091003,0.50509312748909,0.4978180527687073,0.39440035820007324,0.5952197909355164,0.011584323830902576
NIO_2024_UNNAMED_2_4_1_20240802_1200Z,NIO_2024_UNNAMED_2_4_1,2024-08-02T12:00:00Z,0.4967687129974365,0.5032312870025635,0.4974247217178345,0.39950284361839294,0.5955857634544373,0.006931580603122711
NIO_2024_UNNAMED_2_4_1_20240802_1800Z,NIO_2024_UNNAMED_2_4_1,2024-08-02T18:00:00Z,0.49647292494773865,0.5035270750522614,0.497214138507843,0.39788588881492615,0.5951070785522461,0.0068028997629880905
NIO_2024_UNNAMED_2_4_1_20240803_0000Z,NIO_2024_UNNAMED_2_4_1,2024-08-03T00:00:00Z,0.49574705958366394,0.5042529404163361,0.4968971610069275,0.3904097378253937,0.6000916361808777,0.007751839701086283
NIO_2024_UNNAMED_2_4_1_20240803_0600Z,NIO_2024_UNNAMED_2_4_1,2024-08-03T06:00:00Z,0.4951571226119995,0.5048428773880005,0.4965847432613373,0.3962969183921814,0.5926563143730164,0.0076900324784219265
NIO_2024_UNNAMED_2_4_1_20240803_1200Z,NIO_2024_UNNAMED_2_4_1,2024-08-03T12:00:00Z,0.49622735381126404,0.503772646188736,0.49715837836265564,0.3933366537094116,0.5994887351989746,0.00766903767362237
NIO_2024_UNNAMED_2_4_1_20240803_1800Z,NIO_2024_UNNAMED_2_4_1,2024-08-03T18:00:00Z,0.49659159779548645,0.5034084022045135,0.497389554977417,0.3948422074317932,0.5993156433105469,0.007109058555215597
NIO_2024_UNNAMED_2_7_1_20240908_0000Z,NIO_2024_UNNAMED_2_7_1,2024-09-08T00:00:00Z,0.4962834119796753,0.5037165880203247,0.4979194402694702,0.4020102024078369,0.5913950800895691,0.008464113809168339
NIO_2024_UNNAMED_2_7_1_20240908_0600Z,NIO_2024_UNNAMED_2_7_1,2024-09-08T06:00:00Z,0.4959818422794342,0.5040181577205658,0.49759575724601746,0.41434141993522644,0.579727292060852,0.007498657796531916
