storm_id,n_samples,Previous_EXP1_(Verified)_center_mean_dpe,Previous_EXP1_(Verified)_center_median_dpe,Previous_EXP1_(Verified)_track_12h_dpe,Previous_EXP1_(Verified)_track_24h_dpe,Previous_EXP1_(Verified)_track_48h_dpe,Previous_EXP1_(Verified)_track_agg_dpe,Previous_EXP1_(Verified)_wind_mae,Previous_EXP1_(Verified)_wind_bias,New_Control_Baseline_center_mean_dpe,New_Control_Baseline_center_median_dpe,New_Control_Baseline_track_12h_dpe,New_Control_Baseline_track_24h_dpe,New_Control_Baseline_track_48h_dpe,New_Control_Baseline_track_agg_dpe,New_Control_Baseline_wind_mae,New_Control_Baseline_wind_bias,Arch_A_center_mean_dpe,Arch_A_center_median_dpe,Arch_A_track_12h_dpe,Arch_A_track_24h_dpe,Arch_A_track_48h_dpe,Arch_A_track_agg_dpe,Arch_A_wind_mae,Arch_A_wind_bias,Arch_B_center_mean_dpe,Arch_B_center_median_dpe,Arch_B_track_12h_dpe,Arch_B_track_24h_dpe,Arch_B_track_48h_dpe,Arch_B_track_agg_dpe,Arch_B_wind_mae,Arch_B_wind_bias,Arch_Center_center_mean_dpe,Arch_Center_center_median_dpe,Arch_Center_track_12h_dpe,Arch_Center_track_24h_dpe,Arch_Center_track_48h_dpe,Arch_Center_track_agg_dpe,Arch_Center_wind_mae,Arch_Center_wind_bias,Ablation_I2_center_mean_dpe,Ablation_I2_center_median_dpe,Ablation_I2_track_12h_dpe,Ablation_I2_track_24h_dpe,Ablation_I2_track_48h_dpe,Ablation_I2_track_agg_dpe,Ablation_I2_wind_mae,Ablation_I2_wind_bias,Arch_C_center_mean_dpe,Arch_C_center_median_dpe,Arch_C_track_12h_dpe,Arch_C_track_24h_dpe,Arch_C_track_48h_dpe,Arch_C_track_agg_dpe,Arch_C_wind_mae,Arch_C_wind_bias
NIO_2021_GULAB,9,1092.51,978.33,1143.95,876.03,812.93,944.31,6.73,-3.34,1052.57,763.61,1173.51,1135.35,1022.56,1110.48,8.06,-6.41,1076.2,851.62,804.14,783.95,754.84,780.98,8.47,-5.72,1392.45,1165.93,1268.61,1226.32,1079.07,1191.33,6.8,-0.86,846.87,694.9,1132.72,892.97,888.3,971.33,8.47,-5.72,1079.93,857.98,1039.12,934.32,899.38,957.61,6.54,-2.56,964.87,866.37,1229.17,947.59,770.72,982.49,4.24,2.73
NIO_2021_JAWAD,7,643.53,584.39,519.57,667.49,310.09,499.05,7.63,-6.83,622.95,621.15,661.56,457.75,194.14,437.81,9.27,-9.27,339.61,295.76,626.44,549.52,284.87,486.94,11.21,-11.21,644.43,688.33,659.06,607.13,333.29,533.16,8.07,-6.77,453.0,478.25,543.86,466.15,137.86,382.62,11.21,-11.21,346.47,289.96,528.35,462.44,153.92,381.57,8.38,-8.02,669.43,579.45,722.76,543.09,335.12,533.66,8.09,-7.77
NIO_2021_SHAHEEN,15,1498.8,1458.32,1402.21,1741.95,1679.49,1607.88,15.98,-15.09,1512.62,1569.96,1283.86,1432.98,1303.82,1340.22,18.57,-18.57,1489.17,1519.36,1881.83,1758.62,1942.25,1860.9,17.32,-17.32,1343.16,1223.71,1332.38,1325.66,1448.39,1368.81,14.6,-12.64,1716.94,1725.82,1500.53,1676.71,1552.68,1576.64,17.32,-17.32,1473.39,1507.06,1583.08,1630.6,1553.85,1589.18,15.61,-14.53,1026.82,1052.18,1031.29,1130.6,1135.52,1099.14,9.01,-0.88
NIO_2021_TAUKTAE,23,1186.77,1213.73,1247.85,1162.48,1330.79,1247.04,21.73,-13.99,1809.59,1821.71,1895.97,2013.23,2044.61,1984.6,22.34,-15.61,1709.29,1720.97,1661.17,1626.98,1882.11,1723.42,22.22,-16.39,1905.81,1918.42,2052.02,2205.17,2213.57,2156.92,22.26,-16.17,1756.3,1829.34,1900.48,1862.0,1881.57,1881.35,22.22,-16.39,1694.4,1706.96,1740.75,1728.31,1732.46,1733.84,22.25,-15.35,1520.88,1584.87,1619.44,1616.88,1735.89,1657.4,26.06,-24.56
NIO_2021_UNNAMED_2_5_1,2,171.23,171.23,174.2,288.07,104.88,189.05,0.44,-0.44,215.88,215.88,270.95,251.97,257.21,260.04,3.25,-3.25,123.19,123.19,444.08,502.87,616.01,520.98,4.59,-4.59,160.23,160.23,148.02,355.64,416.7,306.79,0.44,0.44,372.81,372.81,201.85,354.73,413.22,323.27,4.59,-4.59,118.28,118.28,137.47,487.79,347.1,324.12,0.6,-0.6,353.81,353.81,309.24,239.97,183.63,244.28,3.26,3.26
NIO_2021_YAAS,15,370.07,393.31,196.77,371.31,352.96,307.01,21.17,-21.05,271.52,286.37,388.48,218.82,270.36,292.55,23.1,-23.1,146.02,136.63,446.34,424.56,500.03,456.98,25.12,-25.12,375.37,403.26,369.91,414.27,256.64,346.94,21.26,-21.11,300.45,292.12,256.54,248.92,310.74,272.07,25.12,-25.12,129.1,124.43,203.27,315.75,231.34,250.12,22.15,-22.15,188.12,99.03,284.43,233.5,242.3,253.41,20.59,-19.24
NIO_2022_ASANI,19,627.69,597.94,467.8,678.3,325.08,490.4,21.48,-21.31,422.82,406.34,508.65,430.29,494.52,477.82,23.01,-23.0,260.03,220.49,462.51,378.85,575.93,472.43,25.1,-25.1,495.74,496.32,591.76,602.45,610.97,601.73,21.19,-20.93,318.74,328.84,378.7,399.4,348.66,375.59,25.1,-25.1,259.26,186.15,385.67,349.78,441.17,392.21,22.63,-22.56,563.32,458.12,481.52,484.65,439.69,468.62,19.53,-18.63
NIO_2022_MANDOUS,10,938.46,921.74,883.9,791.46,684.14,786.5,5.89,-4.2,731.96,713.43,902.6,708.95,764.67,792.07,7.44,-6.53,655.22,603.8,360.22,629.47,411.3,467.0,7.8,-7.22,606.86,549.81,746.89,793.45,774.1,771.48,4.86,-2.28,373.55,325.65,578.48,748.99,648.46,658.65,7.8,-7.22,669.77,619.15,626.83,738.57,594.16,653.19,6.27,-4.7,990.85,955.91,1167.95,1017.63,1285.9,1157.16,4.08,3.34
NIO_2022_NO,8,210.83,221.87,215.1,622.6,403.56,413.75,4.02,-3.79,418.78,447.71,511.18,520.24,652.12,561.18,6.29,-6.29,303.83,315.41,653.68,855.37,968.84,825.96,7.78,-7.78,279.89,280.99,405.35,634.68,702.2,580.75,3.9,-3.18,433.05,446.08,450.07,664.08,774.6,629.58,7.78,-7.78,279.28,289.06,431.75,764.09,703.51,633.12,4.55,-4.12,214.4,190.69,238.79,313.79,496.22,349.6,3.36,-2.44
NIO_2022_SITRANG,4,781.45,802.96,609.32,322.73,1054.49,662.18,3.06,1.13,444.74,482.73,598.53,480.31,1010.36,696.4,2.02,-1.67,762.94,849.78,319.25,534.62,959.39,604.42,2.86,-2.86,507.97,588.83,444.88,529.2,1018.79,664.29,4.33,3.14,643.49,725.42,318.77,458.45,1017.07,598.1,2.86,-2.86,760.29,844.73,317.03,521.16,957.49,598.56,3.03,0.87,918.68,967.42,980.75,996.42,1673.62,1216.93,4.92,4.25
NIO_2022_UNNAMED_01,3,1314.26,1274.28,1318.31,1118.68,1519.33,1318.77,3.05,3.05,987.7,896.19,1365.95,1267.64,1513.5,1382.36,0.6,0.6,1240.79,1142.51,845.95,1293.58,1311.13,1150.22,1.07,-0.36,979.25,855.71,1178.88,1358.37,1587.68,1374.97,4.9,4.9,1054.78,995.41,1026.52,1307.63,1517.34,1283.83,1.07,-0.36,1247.84,1151.99,1021.19,1396.08,1421.05,1279.44,2.61,2.61,1929.33,2186.06,1929.73,2105.61,2514.69,2183.34,4.09,4.09
NIO_2022_UNNAMED_2_13_1,1,1021.06,1021.06,1188.75,925.87,822.75,979.12,6.48,6.48,1042.02,1042.02,1460.9,1147.25,1319.98,1309.38,3.34,3.34,1156.07,1156.07,548.73,1030.76,703.58,761.02,4.3,4.3,1268.09,1268.09,1242.74,1355.11,1327.75,1308.53,8.01,8.01,736.97,736.97,977.66,1135.35,1010.37,1041.13,4.3,4.3,1151.75,1151.75,1014.88,1237.7,1017.5,1090.03,6.08,6.08,1468.17,1468.17,1803.33,1609.22,1894.33,1768.96,6.19,6.19
NIO_2022_UNNAMED_2_15_1,4,1082.05,1107.21,1059.65,1348.19,1400.65,1269.5,3.86,3.86,1018.48,999.75,968.75,1050.37,1152.23,1057.12,1.47,1.47,969.22,907.5,1446.59,1081.24,1439.01,1322.28,2.54,1.82,1176.32,1129.96,1050.72,1036.48,1043.36,1043.52,5.07,5.07,1182.92,1187.76,1051.29,996.14,1127.98,1058.47,2.54,1.82,951.55,888.23,1063.26,935.91,1187.4,1062.19,3.17,3.17,543.57,508.29,580.62,619.63,640.42,613.56,2.38,2.38
NIO_2022_UNNAMED_2_16_1,5,846.36,842.8,838.4,878.74,1032.98,916.7,2.77,2.77,642.8,670.52,754.91,749.34,1025.9,843.38,0.62,0.39,369.49,365.03,426.97,589.08,752.63,589.56,1.26,-0.8,419.7,410.89,690.44,814.1,1061.13,855.22,4.24,4.24,179.3,198.97,529.88,787.05,957.51,758.15,1.26,-0.8,396.92,389.62,572.51,735.12,911.93,739.85,2.18,2.18,363.51,297.54,494.65,500.4,814.35,603.13,1.98,1.98
NIO_2022_UNNAMED_2_2_1,5,1199.91,1218.31,1033.8,1073.02,782.28,963.03,2.01,2.01,1049.19,1102.18,939.26,819.95,750.59,836.6,0.26,-0.08,615.93,652.29,778.85,630.16,561.6,656.87,1.74,-1.74,864.08,862.19,978.43,897.94,842.25,906.21,3.23,3.23,482.76,527.2,829.12,850.32,697.01,792.15,1.74,-1.74,648.88,681.94,873.61,728.49,676.57,759.56,1.22,1.22,720.53,643.91,537.59,488.96,644.78,557.11,3.46,3.46
NIO_2022_UNNAMED_2_9_1,1,159.27,159.27,171.89,745.93,706.98,541.6,0.34,-0.34,304.15,304.15,502.46,668.26,939.63,703.45,3.26,-3.26,191.84,191.84,661.31,970.14,1248.06,959.84,4.66,-4.66,82.01,82.01,372.38,742.05,1004.18,706.2,0.41,0.41,312.65,312.65,467.51,799.88,1074.54,780.64,4.66,-4.66,164.64,164.64,464.02,901.3,1027.36,797.56,0.79,-0.79,244.02,244.02,118.97,322.31,675.88,372.39,0.8,0.8
NIO_2023_BIPARJOY,81,890.81,707.52,796.26,848.85,646.15,763.75,39.18,-38.29,990.79,921.67,962.65,952.52,823.84,913.0,41.16,-40.53,954.38,797.31,1000.15,917.48,831.28,916.3,40.57,-39.76,920.79,813.26,945.26,1018.75,943.44,969.15,37.99,-37.04,1084.27,819.96,961.29,984.0,801.65,915.64,40.57,-39.76,951.16,811.91,921.6,959.28,757.85,879.58,39.32,-38.59,505.85,452.23,556.06,559.28,573.71,563.02,32.99,-31.59
NIO_2023_HAMOON,11,1343.97,1407.71,1710.81,1706.93,2157.86,1858.54,6.87,6.1,1746.59,1905.88,2173.2,2207.93,2867.82,2416.32,5.19,2.43,1897.37,2044.32,1395.59,1793.52,2227.66,1805.59,6.95,4.49,2163.24,2392.59,2115.85,2457.28,2887.25,2486.79,7.04,6.87,1403.98,1453.31,1910.96,1993.48,2544.57,2149.67,6.95,4.49,1877.73,2022.85,1858.32,2088.66,2592.95,2179.98,5.94,5.15,2408.91,2481.43,2543.6,2829.89,3323.03,2898.84,10.15,10.15
NIO_2023_MICHAUNG,16,1409.95,1433.63,1686.55,1555.07,1500.73,1580.78,5.32,3.77,1922.24,2051.4,2256.97,2125.09,2356.67,2246.25,3.88,0.37,1937.22,2051.21,1281.6,1615.09,1556.47,1484.39,4.59,2.7,2246.6,2416.28,2129.03,2325.21,2348.07,2267.44,6.05,4.25,1398.56,1499.14,1947.74,1875.11,1952.14,1925.0,4.59,2.7,1921.98,2033.36,1919.82,1913.79,1974.25,1935.95,4.71,2.12,1747.25,1745.0,1975.48,1838.87,2191.37,2001.91,8.71,1.2
NIO_2023_MIDHILI,4,738.92,814.62,991.2,872.8,1516.9,1126.96,5.25,3.37,790.89,887.7,1164.18,1128.4,1888.94,1393.84,3.1,-0.49,986.33,1153.23,630.28,989.9,1503.95,1041.38,4.44,0.22,1138.3,1359.26,1079.51,1331.44,1872.29,1427.75,6.31,5.12,628.54,704.22,904.22,983.57,1631.13,1172.97,4.44,0.22,969.62,1138.74,875.18,1129.96,1725.07,1243.4,5.2,3.1,1990.54,2099.7,2168.87,2410.46,3015.7,2531.68,10.34,10.34
NIO_2023_MOCHA,20,836.06,797.56,705.25,625.78,971.39,767.47,27.95,-27.69,593.2,556.79,666.41,523.44,699.05,629.63,30.19,-30.19,386.01,312.98,444.52,339.12,440.49,408.04,32.01,-32.01,609.19,592.45,650.26,614.14,753.51,672.63,27.74,-27.09,332.47,290.75,441.48,529.69,732.19,567.78,32.01,-32.01,417.01,349.39,461.39,465.13,675.24,533.92,28.83,-28.66,1076.7,1201.06,1002.61,1151.0,1488.8,1214.14,28.49,-21.15
NIO_2023_TEJ,16,1769.1,1876.82,1568.42,1744.83,1827.11,1713.46,29.77,-28.54,1287.97,1343.64,1026.3,1217.96,1009.95,1084.74,32.57,-32.12,1145.99,1225.58,1856.53,1597.86,1719.74,1724.71,30.65,-29.87,854.9,865.97,1094.94,958.39,998.81,1017.38,29.68,-27.82,1633.22,1724.69,1306.12,1401.77,1352.68,1353.53,30.65,-29.87,1161.85,1240.78,1358.11,1317.5,1322.72,1332.77,30.61,-29.45,751.25,716.22,777.24,716.66,718.28,737.39,29.98,-29.01
NIO_2023_UNNAMED_2_2_1,6,1109.55,1067.73,1190.38,1105.86,1280.08,1192.11,5.59,5.59,1031.8,944.71,1323.65,1148.14,1524.65,1332.15,3.11,3.11,975.21,960.64,649.67,994.11,1034.11,892.63,3.23,3.23,1016.82,935.29,1157.13,1259.91,1506.15,1307.73,7.33,7.33,627.88,606.95,968.45,1166.36,1350.28,1161.69,3.23,3.23,984.6,967.65,988.56,1178.78,1302.02,1156.46,5.27,5.27,735.84,827.66,929.47,745.29,1169.26,948.01,4.05,4.05
NIO_2024_REMAL,13,340.29,361.81,186.4,201.58,784.67,390.88,10.01,-9.6,240.39,239.13,238.66,253.57,522.97,338.4,11.53,-11.53,380.76,404.28,463.58,461.23,551.13,491.98,13.71,-13.71,337.54,365.03,302.23,228.18,309.86,280.09,10.19,-9.55,499.45,527.48,325.8,260.48,606.09,397.46,13.71,-13.71,353.59,375.81,288.79,311.06,516.46,372.1,10.93,-10.77,573.78,594.12,665.13,714.85,762.11,714.03,10.06,-7.81
