storm_id,source_page,source_row,reason
NIO_1998_UNNAMED_10,10,9.0,UNRESOLVED_DUPLICATE_TIMESTAMP_CONFLICT
NIO_1998_UNNAMED_10,10,20.0,UNRESOLVED_DUPLICATE_TIMESTAMP_CONFLICT
NIO_1998_UNNAMED_16,16,12.0,UNRESOLVED_DUPLICATE_TIMESTAMP_CONFLICT
NIO_1998_UNNAMED_16,16,18.0,UNRESOLVED_DUPLICATE_TIMESTAMP_CONFLICT
NIO_1998_UNNAMED_16,16,15.0,UNRESOLVED_DUPLICATE_TIMESTAMP_CONFLICT
NIO_1998_UNNAMED_16,16,20.0,UNRESOLVED_DUPLICATE_TIMESTAMP_CONFLICT
NIO_1998_UNNAMED_16,16,21.0,UNRESOLVED_DUPLICATE_TIMESTAMP_CONFLICT
NIO_1998_UNNAMED_16,16,23.0,UNRESOLVED_DUPLICATE_TIMESTAMP_CONFLICT
NIO_1999_UNNAMED_40,40,8.0,UNRESOLVED_DUPLICATE_TIMESTAMP_CONFLICT
NIO_1999_UNNAMED_40,40,12.0,UNRESOLVED_DUPLICATE_TIMESTAMP_CONFLICT
NIO_2000_UNNAMED_49,49,11.0,UNRESOLVED_DUPLICATE_TIMESTAMP_CONFLICT
NIO_2000_UNNAMED_49,49,21.0,UNRESOLVED_DUPLICATE_TIMESTAMP_CONFLICT
NIO_2001_UNNAMED_34,34,22.0,UNRESOLVED_DUPLICATE_TIMESTAMP_CONFLICT
NIO_2001_UNNAMED_34,34,30.0,UNRESOLVED_DUPLICATE_TIMESTAMP_CONFLICT
NIO_2001_UNNAMED_34,34,24.0,UNRESOLVED_DUPLICATE_TIMESTAMP_CONFLICT
NIO_2001_UNNAMED_34,34,17.0,UNRESOLVED_DUPLICATE_TIMESTAMP_CONFLICT
NIO_2004_UNNAMED_44,44,21.0,UNRESOLVED_DUPLICATE_TIMESTAMP_CONFLICT
NIO_2004_UNNAMED_44,44,17.0,UNRESOLVED_DUPLICATE_TIMESTAMP_CONFLICT
NIO_2004_UNNAMED_44,44,24.0,UNRESOLVED_DUPLICATE_TIMESTAMP_CONFLICT
NIO_2022_UNNAMED_01,64,11.0,UNRESOLVED_DUPLICATE_TIMESTAMP_CONFLICT
NIO_2022_UNNAMED_01,64,19.0,UNRESOLVED_DUPLICATE_TIMESTAMP_CONFLICT
NIO_2003_01B,17,4.0,UNRESOLVED_DUPLICATE_TIMESTAMP_CONFLICT
NIO_2003_01B,17,5.0,UNRESOLVED_DUPLICATE_TIMESTAMP_CONFLICT
NIO_1998_UNNAMED_10,10,15.0,MISSING_TIMESTAMP
NIO_1998_UNNAMED_16,16,26.0,MISSING_TIMESTAMP
NIO_1998_UNNAMED_16,16,27.0,MISSING_TIMESTAMP
NIO_1998_UNNAMED_16,16,29.0,MISSING_TIMESTAMP
NIO_1998_UNNAMED_16,16,30.0,MISSING_TIMESTAMP
NIO_1998_UNNAMED_26,26,11.0,MISSING_TIMESTAMP
NIO_1998_UNNAMED_31,31,13.0,MISSING_TIMESTAMP
NIO_1998_UNNAMED_46,46,7.0,INVALID_OR_MISSING_COORDINATES
NIO_1998_UNNAMED_46,46,8.0,INVALID_OR_MISSING_COORDINATES
NIO_1998_UNNAMED_46,46,9.0,INVALID_OR_MISSING_COORDINATES
NIO_1998_UNNAMED_46,46,10.0,INVALID_OR_MISSING_COORDINATES
NIO_1998_UNNAMED_46,46,11.0,INVALID_OR_MISSING_COORDINATES
NIO_1998_UNNAMED_46,46,12.0,INVALID_OR_MISSING_COORDINATES
NIO_1998_UNNAMED_46,46,13.0,INVALID_OR_MISSING_COORDINATES
NIO_1998_UNNAMED_46,46,14.0,INVALID_OR_MISSING_COORDINATES
NIO_1998_UNNAMED_46,46,16.0,INVALID_OR_MISSING_COORDINATES
NIO_1998_UNNAMED_46,46,17.0,INVALID_OR_MISSING_COORDINATES
NIO_1998_UNNAMED_46,46,18.0,INVALID_OR_MISSING_COORDINATES
NIO_1998_UNNAMED_46,46,19.0,INVALID_OR_MISSING_COORDINATES
NIO_1998_UNNAMED_46,46,20.0,INVALID_OR_MISSING_COORDINATES
NIO_1998_UNNAMED_46,46,21.0,INVALID_OR_MISSING_COORDINATES
NIO_1998_UNNAMED_46,46,22.0,INVALID_OR_MISSING_COORDINATES
NIO_1998_UNNAMED_46,46,23.0,INVALID_OR_MISSING_COORDINATES
NIO_1998_UNNAMED_68,68,5.0,INVALID_OR_MISSING_COORDINATES
NIO_1998_UNNAMED_68,68,6.0,INVALID_OR_MISSING_COORDINATES
NIO_1998_UNNAMED_68,68,7.0,INVALID_OR_MISSING_COORDINATES
NIO_1998_UNNAMED_68,68,8.0,INVALID_OR_MISSING_COORDINATES
NIO_1998_UNNAMED_68,68,9.0,INVALID_OR_MISSING_COORDINATES
NIO_1998_UNNAMED_68,68,10.0,INVALID_OR_MISSING_COORDINATES
NIO_1998_UNNAMED_68,68,12.0,INVALID_OR_MISSING_COORDINATES
NIO_1998_UNNAMED_68,68,11.0,MISSING_TIMESTAMP
NIO_1999_UNNAMED_48,48,19.0,MISSING_TIMESTAMP
NIO_1999_UNNAMED_54,54,24.0,MISSING_TIMESTAMP
NIO_2000_UNNAMED_19,19,8.0,MISSING_TIMESTAMP
NIO_2000_UNNAMED_19,19,9.0,MISSING_TIMESTAMP
NIO_2000_UNNAMED_19,19,10.0,MISSING_TIMESTAMP
NIO_2000_UNNAMED_19,19,11.0,MISSING_TIMESTAMP
NIO_2000_UNNAMED_19,19,12.0,MISSING_TIMESTAMP
NIO_2000_UNNAMED_49,49,9.0,MISSING_TIMESTAMP
NIO_2000_UNNAMED_49,49,10.0,MISSING_TIMESTAMP
NIO_2000_UNNAMED_49,49,14.0,MISSING_TIMESTAMP
NIO_2001_UNNAMED_18,18,7.0,MISSING_TIMESTAMP
NIO_2001_UNNAMED_18,18,8.0,MISSING_TIMESTAMP
NIO_2001_UNNAMED_18,18,9.0,MISSING_TIMESTAMP
NIO_2001_UNNAMED_18,18,13.0,MISSING_TIMESTAMP
NIO_2001_UNNAMED_18,18,16.0,MISSING_TIMESTAMP
NIO_2001_UNNAMED_18,18,17.0,MISSING_TIMESTAMP
NIO_2001_UNNAMED_18,18,21.0,MISSING_TIMESTAMP
NIO_2001_UNNAMED_18,18,22.0,MISSING_TIMESTAMP
NIO_2001_UNNAMED_18,18,23.0,MISSING_TIMESTAMP
NIO_2001_UNNAMED_18,18,25.0,MISSING_TIMESTAMP
NIO_2001_UNNAMED_18,18,26.0,MISSING_TIMESTAMP
NIO_2001_UNNAMED_18,18,27.0,MISSING_TIMESTAMP
NIO_2001_UNNAMED_18,18,28.0,MISSING_TIMESTAMP
NIO_2001_UNNAMED_18,18,29.0,MISSING_TIMESTAMP
NIO_2001_UNNAMED_18,18,30.0,MISSING_TIMESTAMP
NIO_2001_UNNAMED_18,18,31.0,MISSING_TIMESTAMP
NIO_2001_UNNAMED_18,18,33.0,MISSING_TIMESTAMP
NIO_2001_UNNAMED_28,28,7.0,MISSING_TIMESTAMP
NIO_2001_UNNAMED_28,28,8.0,MISSING_TIMESTAMP
NIO_2001_UNNAMED_28,28,9.0,MISSING_TIMESTAMP
NIO_2001_UNNAMED_28,28,10.0,MISSING_TIMESTAMP
NIO_2001_UNNAMED_28,28,11.0,MISSING_TIMESTAMP
NIO_2001_UNNAMED_34,34,18.0,INVALID_OR_MISSING_COORDINATES
NIO_2001_UNNAMED_34,34,19.0,INVALID_OR_MISSING_COORDINATES
NIO_2001_UNNAMED_34,34,20.0,INVALID_OR_MISSING_COORDINATES
NIO_2001_UNNAMED_34,34,21.0,INVALID_OR_MISSING_COORDINATES
NIO_2001_UNNAMED_34,34,23.0,INVALID_OR_MISSING_COORDINATES
NIO_2001_UNNAMED_34,34,8.0,MISSING_TIMESTAMP
NIO_2001_UNNAMED_34,34,7.0,MISSING_TIMESTAMP
NIO_2001_UNNAMED_34,34,10.0,MISSING_TIMESTAMP
NIO_2001_UNNAMED_34,34,12.0,MISSING_TIMESTAMP
NIO_2001_UNNAMED_34,34,25.0,MISSING_TIMESTAMP
NIO_2002_UNNAMED_18,18,7.0,MISSING_TIMESTAMP
NIO_2002_UNNAMED_33,33,19.0,MISSING_TIMESTAMP
NIO_2002_UNNAMED_33,33,20.0,MISSING_TIMESTAMP
NIO_2002_UNNAMED_33,33,21.0,MISSING_TIMESTAMP
NIO_2002_UNNAMED_33,33,22.0,MISSING_TIMESTAMP
NIO_2002_UNNAMED_33,33,23.0,MISSING_TIMESTAMP
NIO_2004_UNNAMED_16,16,10.0,INVALID_OR_MISSING_COORDINATES
NIO_2004_UNNAMED_16,16,11.0,INVALID_OR_MISSING_COORDINATES
NIO_2004_UNNAMED_16,16,12.0,INVALID_OR_MISSING_COORDINATES
NIO_2004_UNNAMED_16,16,13.0,INVALID_OR_MISSING_COORDINATES
NIO_2004_UNNAMED_16,16,14.0,INVALID_OR_MISSING_COORDINATES
NIO_2004_UNNAMED_16,16,15.0,INVALID_OR_MISSING_COORDINATES
NIO_2004_UNNAMED_16,16,16.0,INVALID_OR_MISSING_COORDINATES
NIO_2004_UNNAMED_16,16,18.0,INVALID_OR_MISSING_COORDINATES
NIO_2004_UNNAMED_16,16,19.0,INVALID_OR_MISSING_COORDINATES
NIO_2004_UNNAMED_16,16,20.0,INVALID_OR_MISSING_COORDINATES
NIO_2004_UNNAMED_16,16,21.0,INVALID_OR_MISSING_COORDINATES
NIO_2004_UNNAMED_16,16,22.0,INVALID_OR_MISSING_COORDINATES
NIO_2004_UNNAMED_16,16,23.0,INVALID_OR_MISSING_COORDINATES
NIO_2004_UNNAMED_16,16,24.0,INVALID_OR_MISSING_COORDINATES
NIO_2004_UNNAMED_16,16,26.0,INVALID_OR_MISSING_COORDINATES
NIO_2004_UNNAMED_16,16,27.0,INVALID_OR_MISSING_COORDINATES
NIO_2004_UNNAMED_16,16,28.0,INVALID_OR_MISSING_COORDINATES
NIO_2004_UNNAMED_16,16,29.0,INVALID_OR_MISSING_COORDINATES
NIO_2004_UNNAMED_16,16,30.0,INVALID_OR_MISSING_COORDINATES
NIO_2004_UNNAMED_16,16,33.0,INVALID_OR_MISSING_COORDINATES
NIO_2004_UNNAMED_16,16,34.0,INVALID_OR_MISSING_COORDINATES
NIO_2004_UNNAMED_16,16,35.0,INVALID_OR_MISSING_COORDINATES
NIO_2004_UNNAMED_16,16,36.0,INVALID_OR_MISSING_COORDINATES
NIO_2004_UNNAMED_16,16,37.0,INVALID_OR_MISSING_COORDINATES
NIO_2004_UNNAMED_16,16,38.0,INVALID_OR_MISSING_COORDINATES
NIO_2004_UNNAMED_16,16,39.0,INVALID_OR_MISSING_COORDINATES
NIO_2004_UNNAMED_16,16,41.0,INVALID_OR_MISSING_COORDINATES
NIO_2004_UNNAMED_16,16,42.0,INVALID_OR_MISSING_COORDINATES
NIO_2004_UNNAMED_16,16,31.0,MISSING_TIMESTAMP
NIO_2004_UNNAMED_16,16,32.0,MISSING_TIMESTAMP
NIO_2004_UNNAMED_16,16,40.0,MISSING_TIMESTAMP
NIO_2004_UNNAMED_29,29,7.0,MISSING_TIMESTAMP
NIO_2004_UNNAMED_29,29,9.0,MISSING_TIMESTAMP
NIO_2004_UNNAMED_29,29,13.0,MISSING_TIMESTAMP
NIO_2004_UNNAMED_29,29,17.0,MISSING_TIMESTAMP
NIO_2004_UNNAMED_38,38,5.0,MISSING_TIMESTAMP
NIO_2004_UNNAMED_38,38,7.0,MISSING_TIMESTAMP
NIO_2004_UNNAMED_38,38,11.0,MISSING_TIMESTAMP
NIO_2004_UNNAMED_38,38,14.0,MISSING_TIMESTAMP
NIO_2004_UNNAMED_38,38,16.0,MISSING_TIMESTAMP
NIO_2004_UNNAMED_44,44,10.0,INVALID_OR_MISSING_COORDINATES
NIO_2004_UNNAMED_44,44,11.0,INVALID_OR_MISSING_COORDINATES
NIO_2004_UNNAMED_44,44,12.0,INVALID_OR_MISSING_COORDINATES
NIO_2004_UNNAMED_44,44,13.0,INVALID_OR_MISSING_COORDINATES
NIO_2004_UNNAMED_44,44,14.0,INVALID_OR_MISSING_COORDINATES
NIO_2004_UNNAMED_44,44,15.0,INVALID_OR_MISSING_COORDINATES
NIO_2004_UNNAMED_44,44,16.0,INVALID_OR_MISSING_COORDINATES
NIO_2004_UNNAMED_44,44,25.0,INVALID_OR_MISSING_COORDINATES
NIO_2004_UNNAMED_44,44,19.0,INVALID_OR_MISSING_COORDINATES
NIO_2004_UNNAMED_44,44,20.0,INVALID_OR_MISSING_COORDINATES
NIO_2004_UNNAMED_44,44,23.0,INVALID_OR_MISSING_COORDINATES
NIO_2004_UNNAMED_44,44,18.0,MISSING_TIMESTAMP
NIO_2004_UNNAMED_52,52,8.0,MISSING_TIMESTAMP
NIO_2004_UNNAMED_52,52,9.0,MISSING_TIMESTAMP
NIO_2005_IN,18,5.0,INVALID_OR_MISSING_COORDINATES
NIO_2005_IN,18,6.0,INVALID_OR_MISSING_COORDINATES
NIO_2005_IN,18,7.0,INVALID_OR_MISSING_COORDINATES
NIO_2005_IN,18,19.0,INVALID_OR_MISSING_COORDINATES
NIO_2005_UNNAMED_2_7_1,38,11.0,INVALID_OR_MISSING_COORDINATES
NIO_2006_UNNAMED_2_4_1,36,8.0,INVALID_OR_MISSING_COORDINATES
NIO_2007_UNNAMED_2_11_1,75,10.0,MISSING_TIMESTAMP
NIO_2007_UNNAMED_2_11_1,75,11.0,MISSING_TIMESTAMP
NIO_2010_UNNAMED_2_8_1,103,1.0,MISSING_TIMESTAMP
NIO_2010_UNNAMED_2_8_1,103,2.0,MISSING_TIMESTAMP
NIO_2010_UNNAMED_2_8_1,103,3.0,MISSING_TIMESTAMP
NIO_2010_UNNAMED_2_8_1,103,4.0,MISSING_TIMESTAMP
NIO_2010_UNNAMED_2_8_1,103,6.0,MISSING_TIMESTAMP
NIO_2011_UNNAMED_2_9_1,107,9.0,INVALID_OR_MISSING_COORDINATES
NIO_2012_NILAM,93,17.0,INVALID_OR_MISSING_COORDINATES
NIO_2013_IS,99,1.0,MISSING_TIMESTAMP
NIO_2013_IS,99,2.0,MISSING_TIMESTAMP
NIO_2018_TITLI,191,22.0,INVALID_OR_MISSING_COORDINATES
NIO_2018_VISAKHAPATNAM,253,21.0,INVALID_OR_MISSING_COORDINATES
NIO_2018_VISAKHAPATNAM,254,8.0,INVALID_OR_MISSING_COORDINATES
NIO_2018_VISAKHAPATNAM,254,9.0,INVALID_OR_MISSING_COORDINATES
NIO_2018_VISAKHAPATNAM,254,11.0,INVALID_OR_MISSING_COORDINATES
NIO_2018_VISAKHAPATNAM,254,12.0,INVALID_OR_MISSING_COORDINATES
NIO_2021_JAWAD,208,11.0,INVALID_OR_MISSING_COORDINATES
NIO_2021_UNNAMED_2_10_1,195,1.0,MISSING_TIMESTAMP
NIO_2021_UNNAMED_2_10_1,195,2.0,MISSING_TIMESTAMP
NIO_2021_UNNAMED_2_10_1,195,3.0,MISSING_TIMESTAMP
NIO_2021_UNNAMED_2_10_1,195,4.0,MISSING_TIMESTAMP
NIO_2022_NO,166,17.0,INVALID_OR_MISSING_COORDINATES
NIO_2023_HAMOON,181,1.0,MISSING_TIMESTAMP
NIO_2023_MOCHA,66,21.0,INVALID_OR_MISSING_COORDINATES
NIO_2023_UNNAMED_2_2_1,45,16.0,MISSING_TIMESTAMP
NIO_2024_LAT,136,7.0,MISSING_TIMESTAMP
,55,32.0,NON_OBSERVATION_NARRATIVE_ROW
,55,33.0,NON_OBSERVATION_NARRATIVE_ROW
,55,34.0,NON_OBSERVATION_NARRATIVE_ROW
,55,35.0,NON_OBSERVATION_NARRATIVE_ROW
,55,36.0,NON_OBSERVATION_NARRATIVE_ROW
,23,35.0,NON_OBSERVATION_NARRATIVE_ROW
,29,6.0,NON_OBSERVATION_NARRATIVE_ROW
,36,9.0,NON_OBSERVATION_NARRATIVE_ROW
,41,5.0,NON_OBSERVATION_NARRATIVE_ROW
,46,5.0,NON_OBSERVATION_NARRATIVE_ROW
,52,3.0,NON_OBSERVATION_NARRATIVE_ROW
,58,6.0,NON_OBSERVATION_NARRATIVE_ROW
,74,10.0,NON_OBSERVATION_NARRATIVE_ROW
,79,12.0,NON_OBSERVATION_NARRATIVE_ROW
,23,13.0,NON_OBSERVATION_NARRATIVE_ROW
,26,16.0,NON_OBSERVATION_NARRATIVE_ROW
,32,35.0,NON_OBSERVATION_NARRATIVE_ROW
,32,45.0,NON_OBSERVATION_NARRATIVE_ROW
,41,9.0,NON_OBSERVATION_NARRATIVE_ROW
,41,21.0,NON_OBSERVATION_NARRATIVE_ROW
,46,9.0,NON_OBSERVATION_NARRATIVE_ROW
,51,10.0,NON_OBSERVATION_NARRATIVE_ROW
,51,23.0,NON_OBSERVATION_NARRATIVE_ROW
,57,44.0,NON_OBSERVATION_NARRATIVE_ROW
,62,10.0,NON_OBSERVATION_NARRATIVE_ROW
,62,22.0,NON_OBSERVATION_NARRATIVE_ROW
,67,10.0,NON_OBSERVATION_NARRATIVE_ROW
,67,26.0,NON_OBSERVATION_NARRATIVE_ROW
,71,11.0,NON_OBSERVATION_NARRATIVE_ROW
,75,46.0,NON_OBSERVATION_NARRATIVE_ROW
,80,36.0,NON_OBSERVATION_NARRATIVE_ROW
,38,17.0,NON_OBSERVATION_NARRATIVE_ROW
,42,3.0,NON_OBSERVATION_NARRATIVE_ROW
,42,9.0,NON_OBSERVATION_NARRATIVE_ROW
,44,4.0,NON_OBSERVATION_NARRATIVE_ROW
,47,9.0,NON_OBSERVATION_NARRATIVE_ROW
,47,20.0,NON_OBSERVATION_NARRATIVE_ROW
,52,9.0,NON_OBSERVATION_NARRATIVE_ROW
,57,12.0,NON_OBSERVATION_NARRATIVE_ROW
,57,15.0,NON_OBSERVATION_NARRATIVE_ROW
,63,19.0,NON_OBSERVATION_NARRATIVE_ROW
,63,22.0,NON_OBSERVATION_NARRATIVE_ROW
,70,15.0,NON_OBSERVATION_NARRATIVE_ROW
,70,19.0,NON_OBSERVATION_NARRATIVE_ROW
,79,18.0,NON_OBSERVATION_NARRATIVE_ROW
,39,25.0,NON_OBSERVATION_NARRATIVE_ROW
,39,26.0,NON_OBSERVATION_NARRATIVE_ROW
,45,15.0,NON_OBSERVATION_NARRATIVE_ROW
,62,6.0,NON_OBSERVATION_NARRATIVE_ROW
,62,9.0,NON_OBSERVATION_NARRATIVE_ROW
,64,4.0,NON_OBSERVATION_NARRATIVE_ROW
,68,4.0,NON_OBSERVATION_NARRATIVE_ROW
,68,9.0,NON_OBSERVATION_NARRATIVE_ROW
,71,4.0,NON_OBSERVATION_NARRATIVE_ROW
,71,16.0,NON_OBSERVATION_NARRATIVE_ROW
,78,14.0,NON_OBSERVATION_NARRATIVE_ROW
,78,18.0,NON_OBSERVATION_NARRATIVE_ROW
,83,27.0,NON_OBSERVATION_NARRATIVE_ROW
,83,32.0,NON_OBSERVATION_NARRATIVE_ROW
,57,26.0,NON_OBSERVATION_NARRATIVE_ROW
,77,8.0,NON_OBSERVATION_NARRATIVE_ROW
,77,11.0,NON_OBSERVATION_NARRATIVE_ROW
,82,13.0,NON_OBSERVATION_NARRATIVE_ROW
,82,16.0,NON_OBSERVATION_NARRATIVE_ROW
,84,16.0,NON_OBSERVATION_NARRATIVE_ROW
,84,23.0,NON_OBSERVATION_NARRATIVE_ROW
,93,28.0,NON_OBSERVATION_NARRATIVE_ROW
,93,32.0,NON_OBSERVATION_NARRATIVE_ROW
,103,5.0,NON_OBSERVATION_NARRATIVE_ROW
,103,7.0,NON_OBSERVATION_NARRATIVE_ROW
,33,4.0,NON_OBSERVATION_NARRATIVE_ROW
,35,3.0,NON_OBSERVATION_NARRATIVE_ROW
,35,7.0,NON_OBSERVATION_NARRATIVE_ROW
,40,3.0,NON_OBSERVATION_NARRATIVE_ROW
,40,36.0,NON_OBSERVATION_NARRATIVE_ROW
,63,4.0,NON_OBSERVATION_NARRATIVE_ROW
,63,5.0,NON_OBSERVATION_NARRATIVE_ROW
,63,7.0,NON_OBSERVATION_NARRATIVE_ROW
,68,4.0,NON_OBSERVATION_NARRATIVE_ROW
,68,9.0,NON_OBSERVATION_NARRATIVE_ROW
,75,5.0,NON_OBSERVATION_NARRATIVE_ROW
,75,8.0,NON_OBSERVATION_NARRATIVE_ROW
,82,25.0,NON_OBSERVATION_NARRATIVE_ROW
,97,21.0,NON_OBSERVATION_NARRATIVE_ROW
,118,34.0,NON_OBSERVATION_NARRATIVE_ROW
,118,38.0,NON_OBSERVATION_NARRATIVE_ROW
,35,5.0,NON_OBSERVATION_NARRATIVE_ROW
,35,7.0,NON_OBSERVATION_NARRATIVE_ROW
,74,10.0,NON_OBSERVATION_NARRATIVE_ROW
,74,14.0,NON_OBSERVATION_NARRATIVE_ROW
,135,13.0,NON_OBSERVATION_NARRATIVE_ROW
,149,9.0,NON_OBSERVATION_NARRATIVE_ROW
,46,5.0,NON_OBSERVATION_NARRATIVE_ROW
,46,17.0,NON_OBSERVATION_NARRATIVE_ROW
,49,3.0,NON_OBSERVATION_NARRATIVE_ROW
,49,11.0,NON_OBSERVATION_NARRATIVE_ROW
,69,35.0,NON_OBSERVATION_NARRATIVE_ROW
,96,14.0,NON_OBSERVATION_NARRATIVE_ROW
,96,18.0,NON_OBSERVATION_NARRATIVE_ROW
,113,26.0,NON_OBSERVATION_NARRATIVE_ROW
,113,30.0,NON_OBSERVATION_NARRATIVE_ROW
,125,12.0,NON_OBSERVATION_NARRATIVE_ROW
,40,11.0,NON_OBSERVATION_NARRATIVE_ROW
,53,27.0,NON_OBSERVATION_NARRATIVE_ROW
,70,20.0,NON_OBSERVATION_NARRATIVE_ROW
,135,15.0,NON_OBSERVATION_NARRATIVE_ROW
,47,5.0,NON_OBSERVATION_NARRATIVE_ROW
,47,11.0,NON_OBSERVATION_NARRATIVE_ROW
,55,8.0,NON_OBSERVATION_NARRATIVE_ROW
,55,16.0,NON_OBSERVATION_NARRATIVE_ROW
,62,20.0,NON_OBSERVATION_NARRATIVE_ROW
,81,26.0,NON_OBSERVATION_NARRATIVE_ROW
,106,6.0,NON_OBSERVATION_NARRATIVE_ROW
,111,25.0,NON_OBSERVATION_NARRATIVE_ROW
,124,17.0,NON_OBSERVATION_NARRATIVE_ROW
,192,9.0,NON_OBSERVATION_NARRATIVE_ROW
,192,13.0,NON_OBSERVATION_NARRATIVE_ROW
,58,15.0,NON_OBSERVATION_NARRATIVE_ROW
,65,6.0,NON_OBSERVATION_NARRATIVE_ROW
,71,19.0,NON_OBSERVATION_NARRATIVE_ROW
,79,6.0,NON_OBSERVATION_NARRATIVE_ROW
,79,24.0,NON_OBSERVATION_NARRATIVE_ROW
,110,10.0,NON_OBSERVATION_NARRATIVE_ROW
,110,11.0,NON_OBSERVATION_NARRATIVE_ROW
,174,10.0,NON_OBSERVATION_NARRATIVE_ROW
,54,19.0,NON_OBSERVATION_NARRATIVE_ROW
,54,24.0,NON_OBSERVATION_NARRATIVE_ROW
,76,3.0,NON_OBSERVATION_NARRATIVE_ROW
,76,9.0,NON_OBSERVATION_NARRATIVE_ROW
,84,5.0,NON_OBSERVATION_NARRATIVE_ROW
,84,8.0,NON_OBSERVATION_NARRATIVE_ROW
,99,9.0,NON_OBSERVATION_NARRATIVE_ROW
,108,5.0,NON_OBSERVATION_NARRATIVE_ROW
,125,12.0,NON_OBSERVATION_NARRATIVE_ROW
,217,18.0,NON_OBSERVATION_NARRATIVE_ROW
,42,10.0,NON_OBSERVATION_NARRATIVE_ROW
,70,29.0,NON_OBSERVATION_NARRATIVE_ROW
,70,39.0,NON_OBSERVATION_NARRATIVE_ROW
,90,3.0,NON_OBSERVATION_NARRATIVE_ROW
,90,7.0,NON_OBSERVATION_NARRATIVE_ROW
,97,3.0,NON_OBSERVATION_NARRATIVE_ROW
,97,4.0,NON_OBSERVATION_NARRATIVE_ROW
,97,5.0,NON_OBSERVATION_NARRATIVE_ROW
,104,4.0,NON_OBSERVATION_NARRATIVE_ROW
,104,13.0,NON_OBSERVATION_NARRATIVE_ROW
,112,3.0,NON_OBSERVATION_NARRATIVE_ROW
,112,6.0,NON_OBSERVATION_NARRATIVE_ROW
,122,11.0,NON_OBSERVATION_NARRATIVE_ROW
,142,9.0,NON_OBSERVATION_NARRATIVE_ROW
,142,19.0,NON_OBSERVATION_NARRATIVE_ROW
,162,27.0,NON_OBSERVATION_NARRATIVE_ROW
,162,33.0,NON_OBSERVATION_NARRATIVE_ROW
,191,21.0,NON_OBSERVATION_NARRATIVE_ROW
,192,14.0,NON_OBSERVATION_NARRATIVE_ROW
,254,7.0,NON_OBSERVATION_NARRATIVE_ROW
,254,10.0,NON_OBSERVATION_NARRATIVE_ROW
,254,13.0,NON_OBSERVATION_NARRATIVE_ROW
,42,17.0,NON_OBSERVATION_NARRATIVE_ROW
,42,24.0,NON_OBSERVATION_NARRATIVE_ROW
,60,29.0,NON_OBSERVATION_NARRATIVE_ROW
,61,8.0,NON_OBSERVATION_NARRATIVE_ROW
,97,39.0,NON_OBSERVATION_NARRATIVE_ROW
,124,8.0,NON_OBSERVATION_NARRATIVE_ROW
,124,19.0,NON_OBSERVATION_NARRATIVE_ROW
,143,2.0,NON_OBSERVATION_NARRATIVE_ROW
,143,9.0,NON_OBSERVATION_NARRATIVE_ROW
,158,9.0,NON_OBSERVATION_NARRATIVE_ROW
,170,22.0,NON_OBSERVATION_NARRATIVE_ROW
,235,33.0,NON_OBSERVATION_NARRATIVE_ROW
,260,17.0,NON_OBSERVATION_NARRATIVE_ROW
,260,21.0,NON_OBSERVATION_NARRATIVE_ROW
,288,11.0,NON_OBSERVATION_NARRATIVE_ROW
,40,37.0,NON_OBSERVATION_NARRATIVE_ROW
,96,14.0,NON_OBSERVATION_NARRATIVE_ROW
,150,10.0,NON_OBSERVATION_NARRATIVE_ROW
,160,8.0,NON_OBSERVATION_NARRATIVE_ROW
,160,12.0,NON_OBSERVATION_NARRATIVE_ROW
,173,2.0,NON_OBSERVATION_NARRATIVE_ROW
,173,9.0,NON_OBSERVATION_NARRATIVE_ROW
,173,14.0,NON_OBSERVATION_NARRATIVE_ROW
,192,22.0,NON_OBSERVATION_NARRATIVE_ROW
,192,30.0,NON_OBSERVATION_NARRATIVE_ROW
,224,8.0,NON_OBSERVATION_NARRATIVE_ROW
,224,14.0,NON_OBSERVATION_NARRATIVE_ROW
,224,27.0,NON_OBSERVATION_NARRATIVE_ROW
,42,8.0,NON_OBSERVATION_NARRATIVE_ROW
,59,26.0,NON_OBSERVATION_NARRATIVE_ROW
,59,39.0,NON_OBSERVATION_NARRATIVE_ROW
,91,22.0,NON_OBSERVATION_NARRATIVE_ROW
,91,33.0,NON_OBSERVATION_NARRATIVE_ROW
,118,5.0,NON_OBSERVATION_NARRATIVE_ROW
,118,14.0,NON_OBSERVATION_NARRATIVE_ROW
,132,15.0,NON_OBSERVATION_NARRATIVE_ROW
,132,26.0,NON_OBSERVATION_NARRATIVE_ROW
,152,29.0,NON_OBSERVATION_NARRATIVE_ROW
,152,34.0,NON_OBSERVATION_NARRATIVE_ROW
,173,10.0,NON_OBSERVATION_NARRATIVE_ROW
,183,5.0,NON_OBSERVATION_NARRATIVE_ROW
,183,7.0,NON_OBSERVATION_NARRATIVE_ROW
,195,5.0,NON_OBSERVATION_NARRATIVE_ROW
,195,8.0,NON_OBSERVATION_NARRATIVE_ROW
,208,14.0,NON_OBSERVATION_NARRATIVE_ROW
,51,17.0,NON_OBSERVATION_NARRATIVE_ROW
,64,14.0,NON_OBSERVATION_NARRATIVE_ROW
,64,18.0,NON_OBSERVATION_NARRATIVE_ROW
,64,20.0,NON_OBSERVATION_NARRATIVE_ROW
,80,33.0,NON_OBSERVATION_NARRATIVE_ROW
,81,4.0,NON_OBSERVATION_NARRATIVE_ROW
,115,10.0,NON_OBSERVATION_NARRATIVE_ROW
,127,5.0,NON_OBSERVATION_NARRATIVE_ROW
,140,8.0,NON_OBSERVATION_NARRATIVE_ROW
,150,2.0,NON_OBSERVATION_NARRATIVE_ROW
,150,14.0,NON_OBSERVATION_NARRATIVE_ROW
,166,5.0,NON_OBSERVATION_NARRATIVE_ROW
,166,24.0,NON_OBSERVATION_NARRATIVE_ROW
,187,7.0,NON_OBSERVATION_NARRATIVE_ROW
,198,18.0,NON_OBSERVATION_NARRATIVE_ROW
,198,22.0,NON_OBSERVATION_NARRATIVE_ROW
,217,12.0,NON_OBSERVATION_NARRATIVE_ROW
,234,24.0,NON_OBSERVATION_NARRATIVE_ROW
,234,29.0,NON_OBSERVATION_NARRATIVE_ROW
,256,17.0,NON_OBSERVATION_NARRATIVE_ROW
,271,18.0,NON_OBSERVATION_NARRATIVE_ROW
,45,15.0,NON_OBSERVATION_NARRATIVE_ROW
,45,21.0,NON_OBSERVATION_NARRATIVE_ROW
,66,35.0,NON_OBSERVATION_NARRATIVE_ROW
,67,4.0,NON_OBSERVATION_NARRATIVE_ROW
,96,20.0,NON_OBSERVATION_NARRATIVE_ROW
,96,41.0,NON_OBSERVATION_NARRATIVE_ROW
,144,5.0,NON_OBSERVATION_NARRATIVE_ROW
,144,7.0,NON_OBSERVATION_NARRATIVE_ROW
,156,29.0,NON_OBSERVATION_NARRATIVE_ROW
,156,35.0,NON_OBSERVATION_NARRATIVE_ROW
,182,6.0,NON_OBSERVATION_NARRATIVE_ROW
,182,11.0,NON_OBSERVATION_NARRATIVE_ROW
,208,14.0,NON_OBSERVATION_NARRATIVE_ROW
,208,19.0,NON_OBSERVATION_NARRATIVE_ROW
,227,14.0,NON_OBSERVATION_NARRATIVE_ROW
,227,20.0,NON_OBSERVATION_NARRATIVE_ROW
,44,20.0,NON_OBSERVATION_NARRATIVE_ROW
,44,32.0,NON_OBSERVATION_NARRATIVE_ROW
,75,7.0,NON_OBSERVATION_NARRATIVE_ROW
,75,9.0,NON_OBSERVATION_NARRATIVE_ROW
,87,18.0,NON_OBSERVATION_NARRATIVE_ROW
,109,14.0,NON_OBSERVATION_NARRATIVE_ROW
,136,6.0,NON_OBSERVATION_NARRATIVE_ROW
,136,16.0,NON_OBSERVATION_NARRATIVE_ROW
,152,8.0,NON_OBSERVATION_NARRATIVE_ROW
,152,15.0,NON_OBSERVATION_NARRATIVE_ROW
,166,7.0,NON_OBSERVATION_NARRATIVE_ROW
,180,2.0,NON_OBSERVATION_NARRATIVE_ROW
,180,24.0,NON_OBSERVATION_NARRATIVE_ROW
,203,12.0,NON_OBSERVATION_NARRATIVE_ROW
,203,13.0,NON_OBSERVATION_NARRATIVE_ROW
,226,21.0,NON_OBSERVATION_NARRATIVE_ROW
,255,2.0,NON_OBSERVATION_NARRATIVE_ROW
,255,10.0,NON_OBSERVATION_NARRATIVE_ROW
,10,1.0,NON_OBSERVATION_NARRATIVE_ROW
,10,2.0,NON_OBSERVATION_NARRATIVE_ROW
,10,3.0,NON_OBSERVATION_NARRATIVE_ROW
,10,4.0,NON_OBSERVATION_NARRATIVE_ROW
,10,5.0,NON_OBSERVATION_NARRATIVE_ROW
,10,6.0,NON_OBSERVATION_NARRATIVE_ROW
,10,21.0,NON_OBSERVATION_NARRATIVE_ROW
,10,22.0,NON_OBSERVATION_NARRATIVE_ROW
,16,2.0,NON_OBSERVATION_NARRATIVE_ROW
,16,3.0,NON_OBSERVATION_NARRATIVE_ROW
,16,4.0,NON_OBSERVATION_NARRATIVE_ROW
,16,5.0,NON_OBSERVATION_NARRATIVE_ROW
,16,6.0,NON_OBSERVATION_NARRATIVE_ROW
,16,7.0,NON_OBSERVATION_NARRATIVE_ROW
,16,8.0,NON_OBSERVATION_NARRATIVE_ROW
,16,13.0,NON_OBSERVATION_NARRATIVE_ROW
,16,14.0,NON_OBSERVATION_NARRATIVE_ROW
,16,24.0,NON_OBSERVATION_NARRATIVE_ROW
,26,2.0,NON_OBSERVATION_NARRATIVE_ROW
,26,3.0,NON_OBSERVATION_NARRATIVE_ROW
,26,4.0,NON_OBSERVATION_NARRATIVE_ROW
,26,5.0,NON_OBSERVATION_NARRATIVE_ROW
,26,6.0,NON_OBSERVATION_NARRATIVE_ROW
,26,7.0,NON_OBSERVATION_NARRATIVE_ROW
,26,18.0,NON_OBSERVATION_NARRATIVE_ROW
,31,2.0,NON_OBSERVATION_NARRATIVE_ROW
,31,3.0,NON_OBSERVATION_NARRATIVE_ROW
,31,4.0,NON_OBSERVATION_NARRATIVE_ROW
,31,5.0,NON_OBSERVATION_NARRATIVE_ROW
,31,6.0,NON_OBSERVATION_NARRATIVE_ROW
,31,7.0,NON_OBSERVATION_NARRATIVE_ROW
,37,4.0,NON_OBSERVATION_NARRATIVE_ROW
,37,5.0,NON_OBSERVATION_NARRATIVE_ROW
,37,6.0,NON_OBSERVATION_NARRATIVE_ROW
,37,7.0,NON_OBSERVATION_NARRATIVE_ROW
,37,8.0,NON_OBSERVATION_NARRATIVE_ROW
,37,12.0,NON_OBSERVATION_NARRATIVE_ROW
,37,15.0,NON_OBSERVATION_NARRATIVE_ROW
,37,16.0,NON_OBSERVATION_NARRATIVE_ROW
,37,19.0,NON_OBSERVATION_NARRATIVE_ROW
,37,20.0,NON_OBSERVATION_NARRATIVE_ROW
,43,2.0,NON_OBSERVATION_NARRATIVE_ROW
,43,3.0,NON_OBSERVATION_NARRATIVE_ROW
,43,4.0,NON_OBSERVATION_NARRATIVE_ROW
,43,6.0,NON_OBSERVATION_NARRATIVE_ROW
,43,7.0,NON_OBSERVATION_NARRATIVE_ROW
,43,8.0,NON_OBSERVATION_NARRATIVE_ROW
,46,2.0,NON_OBSERVATION_NARRATIVE_ROW
,46,3.0,NON_OBSERVATION_NARRATIVE_ROW
,46,4.0,NON_OBSERVATION_NARRATIVE_ROW
,46,5.0,NON_OBSERVATION_NARRATIVE_ROW
,46,6.0,NON_OBSERVATION_NARRATIVE_ROW
,46,24.0,NON_OBSERVATION_NARRATIVE_ROW
,46,25.0,NON_OBSERVATION_NARRATIVE_ROW
,52,2.0,NON_OBSERVATION_NARRATIVE_ROW
,52,3.0,NON_OBSERVATION_NARRATIVE_ROW
,52,4.0,NON_OBSERVATION_NARRATIVE_ROW
,52,5.0,NON_OBSERVATION_NARRATIVE_ROW
,52,6.0,NON_OBSERVATION_NARRATIVE_ROW
,52,7.0,NON_OBSERVATION_NARRATIVE_ROW
,52,8.0,NON_OBSERVATION_NARRATIVE_ROW
,52,19.0,NON_OBSERVATION_NARRATIVE_ROW
,52,20.0,NON_OBSERVATION_NARRATIVE_ROW
,52,25.0,NON_OBSERVATION_NARRATIVE_ROW
,57,2.0,NON_OBSERVATION_NARRATIVE_ROW
,57,3.0,NON_OBSERVATION_NARRATIVE_ROW
,57,4.0,NON_OBSERVATION_NARRATIVE_ROW
,57,5.0,NON_OBSERVATION_NARRATIVE_ROW
,57,6.0,NON_OBSERVATION_NARRATIVE_ROW
,57,7.0,NON_OBSERVATION_NARRATIVE_ROW
,57,8.0,NON_OBSERVATION_NARRATIVE_ROW
,57,9.0,NON_OBSERVATION_NARRATIVE_ROW
,57,10.0,NON_OBSERVATION_NARRATIVE_ROW
,61,3.0,NON_OBSERVATION_NARRATIVE_ROW
,61,4.0,NON_OBSERVATION_NARRATIVE_ROW
,61,5.0,NON_OBSERVATION_NARRATIVE_ROW
,61,6.0,NON_OBSERVATION_NARRATIVE_ROW
,61,7.0,NON_OBSERVATION_NARRATIVE_ROW
,61,8.0,NON_OBSERVATION_NARRATIVE_ROW
,61,9.0,NON_OBSERVATION_NARRATIVE_ROW
,61,16.0,NON_OBSERVATION_NARRATIVE_ROW
,61,19.0,NON_OBSERVATION_NARRATIVE_ROW
,61,20.0,NON_OBSERVATION_NARRATIVE_ROW
,65,2.0,NON_OBSERVATION_NARRATIVE_ROW
,68,2.0,NON_OBSERVATION_NARRATIVE_ROW
,68,3.0,NON_OBSERVATION_NARRATIVE_ROW
,68,4.0,NON_OBSERVATION_NARRATIVE_ROW
,13,1.0,NON_OBSERVATION_NARRATIVE_ROW
,13,2.0,NON_OBSERVATION_NARRATIVE_ROW
,13,3.0,NON_OBSERVATION_NARRATIVE_ROW
,13,4.0,NON_OBSERVATION_NARRATIVE_ROW
,13,5.0,NON_OBSERVATION_NARRATIVE_ROW
,13,6.0,NON_OBSERVATION_NARRATIVE_ROW
,13,20.0,NON_OBSERVATION_NARRATIVE_ROW
,20,2.0,NON_OBSERVATION_NARRATIVE_ROW
,20,3.0,NON_OBSERVATION_NARRATIVE_ROW
,20,6.0,NON_OBSERVATION_NARRATIVE_ROW
,20,7.0,NON_OBSERVATION_NARRATIVE_ROW
,20,8.0,NON_OBSERVATION_NARRATIVE_ROW
,20,9.0,NON_OBSERVATION_NARRATIVE_ROW
,20,11.0,NON_OBSERVATION_NARRATIVE_ROW
,20,12.0,NON_OBSERVATION_NARRATIVE_ROW
,20,14.0,NON_OBSERVATION_NARRATIVE_ROW
,20,16.0,NON_OBSERVATION_NARRATIVE_ROW
,20,17.0,NON_OBSERVATION_NARRATIVE_ROW
,20,18.0,NON_OBSERVATION_NARRATIVE_ROW
,20,19.0,NON_OBSERVATION_NARRATIVE_ROW
,20,20.0,NON_OBSERVATION_NARRATIVE_ROW
,20,21.0,NON_OBSERVATION_NARRATIVE_ROW
,29,4.0,NON_OBSERVATION_NARRATIVE_ROW
,29,5.0,NON_OBSERVATION_NARRATIVE_ROW
,29,7.0,NON_OBSERVATION_NARRATIVE_ROW
,29,8.0,NON_OBSERVATION_NARRATIVE_ROW
,29,9.0,NON_OBSERVATION_NARRATIVE_ROW
,29,10.0,NON_OBSERVATION_NARRATIVE_ROW
,29,11.0,NON_OBSERVATION_NARRATIVE_ROW
,29,12.0,NON_OBSERVATION_NARRATIVE_ROW
,29,13.0,NON_OBSERVATION_NARRATIVE_ROW
,29,14.0,NON_OBSERVATION_NARRATIVE_ROW
,29,17.0,NON_OBSERVATION_NARRATIVE_ROW
,29,18.0,NON_OBSERVATION_NARRATIVE_ROW
,37,5.0,NON_OBSERVATION_NARRATIVE_ROW
,40,1.0,NON_OBSERVATION_NARRATIVE_ROW
,40,2.0,NON_OBSERVATION_NARRATIVE_ROW
,40,3.0,NON_OBSERVATION_NARRATIVE_ROW
,40,4.0,NON_OBSERVATION_NARRATIVE_ROW
,40,5.0,NON_OBSERVATION_NARRATIVE_ROW
,40,6.0,NON_OBSERVATION_NARRATIVE_ROW
,40,7.0,NON_OBSERVATION_NARRATIVE_ROW
,40,11.0,NON_OBSERVATION_NARRATIVE_ROW
,40,13.0,NON_OBSERVATION_NARRATIVE_ROW
,40,15.0,NON_OBSERVATION_NARRATIVE_ROW
,40,17.0,NON_OBSERVATION_NARRATIVE_ROW
,40,19.0,NON_OBSERVATION_NARRATIVE_ROW
,40,20.0,NON_OBSERVATION_NARRATIVE_ROW
,48,1.0,NON_OBSERVATION_NARRATIVE_ROW
,48,2.0,NON_OBSERVATION_NARRATIVE_ROW
,48,3.0,NON_OBSERVATION_NARRATIVE_ROW
,48,4.0,NON_OBSERVATION_NARRATIVE_ROW
,48,5.0,NON_OBSERVATION_NARRATIVE_ROW
,48,6.0,NON_OBSERVATION_NARRATIVE_ROW
,48,7.0,NON_OBSERVATION_NARRATIVE_ROW
,48,9.0,NON_OBSERVATION_NARRATIVE_ROW
,48,10.0,NON_OBSERVATION_NARRATIVE_ROW
,54,1.0,NON_OBSERVATION_NARRATIVE_ROW
,54,2.0,NON_OBSERVATION_NARRATIVE_ROW
,54,3.0,NON_OBSERVATION_NARRATIVE_ROW
,54,4.0,NON_OBSERVATION_NARRATIVE_ROW
,54,5.0,NON_OBSERVATION_NARRATIVE_ROW
,54,6.0,NON_OBSERVATION_NARRATIVE_ROW
,54,7.0,NON_OBSERVATION_NARRATIVE_ROW
,54,8.0,NON_OBSERVATION_NARRATIVE_ROW
,54,9.0,NON_OBSERVATION_NARRATIVE_ROW
,54,10.0,NON_OBSERVATION_NARRATIVE_ROW
,54,11.0,NON_OBSERVATION_NARRATIVE_ROW
,54,12.0,NON_OBSERVATION_NARRATIVE_ROW
,54,13.0,NON_OBSERVATION_NARRATIVE_ROW
,54,14.0,NON_OBSERVATION_NARRATIVE_ROW
,54,15.0,NON_OBSERVATION_NARRATIVE_ROW
,54,16.0,NON_OBSERVATION_NARRATIVE_ROW
,54,17.0,NON_OBSERVATION_NARRATIVE_ROW
,54,18.0,NON_OBSERVATION_NARRATIVE_ROW
,54,19.0,NON_OBSERVATION_NARRATIVE_ROW
,54,20.0,NON_OBSERVATION_NARRATIVE_ROW
,54,21.0,NON_OBSERVATION_NARRATIVE_ROW
,54,22.0,NON_OBSERVATION_NARRATIVE_ROW
,54,23.0,NON_OBSERVATION_NARRATIVE_ROW
,54,25.0,NON_OBSERVATION_NARRATIVE_ROW
,54,26.0,NON_OBSERVATION_NARRATIVE_ROW
,54,27.0,NON_OBSERVATION_NARRATIVE_ROW
,54,28.0,NON_OBSERVATION_NARRATIVE_ROW
,54,29.0,NON_OBSERVATION_NARRATIVE_ROW
,54,30.0,NON_OBSERVATION_NARRATIVE_ROW
,54,31.0,NON_OBSERVATION_NARRATIVE_ROW
,54,32.0,NON_OBSERVATION_NARRATIVE_ROW
,54,33.0,NON_OBSERVATION_NARRATIVE_ROW
,54,34.0,NON_OBSERVATION_NARRATIVE_ROW
,54,35.0,NON_OBSERVATION_NARRATIVE_ROW
,54,36.0,NON_OBSERVATION_NARRATIVE_ROW
,54,37.0,NON_OBSERVATION_NARRATIVE_ROW
,54,38.0,NON_OBSERVATION_NARRATIVE_ROW
,54,39.0,NON_OBSERVATION_NARRATIVE_ROW
,54,40.0,NON_OBSERVATION_NARRATIVE_ROW
,54,41.0,NON_OBSERVATION_NARRATIVE_ROW
,54,42.0,NON_OBSERVATION_NARRATIVE_ROW
,54,43.0,NON_OBSERVATION_NARRATIVE_ROW
,54,44.0,NON_OBSERVATION_NARRATIVE_ROW
,54,45.0,NON_OBSERVATION_NARRATIVE_ROW
,61,1.0,NON_OBSERVATION_NARRATIVE_ROW
,61,2.0,NON_OBSERVATION_NARRATIVE_ROW
,61,3.0,NON_OBSERVATION_NARRATIVE_ROW
,67,3.0,NON_OBSERVATION_NARRATIVE_ROW
,67,5.0,NON_OBSERVATION_NARRATIVE_ROW
,67,7.0,NON_OBSERVATION_NARRATIVE_ROW
,67,10.0,NON_OBSERVATION_NARRATIVE_ROW
,67,20.0,NON_OBSERVATION_NARRATIVE_ROW
,67,23.0,NON_OBSERVATION_NARRATIVE_ROW
,67,25.0,NON_OBSERVATION_NARRATIVE_ROW
,67,30.0,NON_OBSERVATION_NARRATIVE_ROW
,67,36.0,NON_OBSERVATION_NARRATIVE_ROW
,67,37.0,NON_OBSERVATION_NARRATIVE_ROW
,67,38.0,NON_OBSERVATION_NARRATIVE_ROW
,15,1.0,NON_OBSERVATION_NARRATIVE_ROW
,15,2.0,NON_OBSERVATION_NARRATIVE_ROW
,19,1.0,NON_OBSERVATION_NARRATIVE_ROW
,19,2.0,NON_OBSERVATION_NARRATIVE_ROW
,19,3.0,NON_OBSERVATION_NARRATIVE_ROW
,19,4.0,NON_OBSERVATION_NARRATIVE_ROW
,19,5.0,NON_OBSERVATION_NARRATIVE_ROW
,19,6.0,NON_OBSERVATION_NARRATIVE_ROW
,19,7.0,NON_OBSERVATION_NARRATIVE_ROW
,28,1.0,NON_OBSERVATION_NARRATIVE_ROW
,28,2.0,NON_OBSERVATION_NARRATIVE_ROW
,28,3.0,NON_OBSERVATION_NARRATIVE_ROW
,28,4.0,NON_OBSERVATION_NARRATIVE_ROW
,33,1.0,NON_OBSERVATION_NARRATIVE_ROW
,33,2.0,NON_OBSERVATION_NARRATIVE_ROW
,33,3.0,NON_OBSERVATION_NARRATIVE_ROW
,41,5.0,NON_OBSERVATION_NARRATIVE_ROW
,41,7.0,NON_OBSERVATION_NARRATIVE_ROW
,41,8.0,NON_OBSERVATION_NARRATIVE_ROW
,41,13.0,NON_OBSERVATION_NARRATIVE_ROW
,41,16.0,NON_OBSERVATION_NARRATIVE_ROW
,41,19.0,NON_OBSERVATION_NARRATIVE_ROW
,41,24.0,NON_OBSERVATION_NARRATIVE_ROW
,41,25.0,NON_OBSERVATION_NARRATIVE_ROW
,41,26.0,NON_OBSERVATION_NARRATIVE_ROW
,41,28.0,NON_OBSERVATION_NARRATIVE_ROW
,49,1.0,NON_OBSERVATION_NARRATIVE_ROW
,49,2.0,NON_OBSERVATION_NARRATIVE_ROW
,49,3.0,NON_OBSERVATION_NARRATIVE_ROW
,49,4.0,NON_OBSERVATION_NARRATIVE_ROW
,49,5.0,NON_OBSERVATION_NARRATIVE_ROW
,49,6.0,NON_OBSERVATION_NARRATIVE_ROW
,49,7.0,NON_OBSERVATION_NARRATIVE_ROW
,49,8.0,NON_OBSERVATION_NARRATIVE_ROW
,49,12.0,NON_OBSERVATION_NARRATIVE_ROW
,49,18.0,NON_OBSERVATION_NARRATIVE_ROW
,49,19.0,NON_OBSERVATION_NARRATIVE_ROW
,18,1.0,NON_OBSERVATION_NARRATIVE_ROW
,18,2.0,NON_OBSERVATION_NARRATIVE_ROW
,18,3.0,NON_OBSERVATION_NARRATIVE_ROW
,18,4.0,NON_OBSERVATION_NARRATIVE_ROW
,18,5.0,NON_OBSERVATION_NARRATIVE_ROW
,18,6.0,NON_OBSERVATION_NARRATIVE_ROW
,18,34.0,NON_OBSERVATION_NARRATIVE_ROW
,18,35.0,NON_OBSERVATION_NARRATIVE_ROW
,28,1.0,NON_OBSERVATION_NARRATIVE_ROW
,28,2.0,NON_OBSERVATION_NARRATIVE_ROW
,28,3.0,NON_OBSERVATION_NARRATIVE_ROW
,28,4.0,NON_OBSERVATION_NARRATIVE_ROW
,28,5.0,NON_OBSERVATION_NARRATIVE_ROW
,28,6.0,NON_OBSERVATION_NARRATIVE_ROW
,34,1.0,NON_OBSERVATION_NARRATIVE_ROW
,34,2.0,NON_OBSERVATION_NARRATIVE_ROW
,34,3.0,NON_OBSERVATION_NARRATIVE_ROW
,34,4.0,NON_OBSERVATION_NARRATIVE_ROW
,34,5.0,NON_OBSERVATION_NARRATIVE_ROW
,34,6.0,NON_OBSERVATION_NARRATIVE_ROW
,34,31.0,NON_OBSERVATION_NARRATIVE_ROW
,40,1.0,NON_OBSERVATION_NARRATIVE_ROW
,40,4.0,NON_OBSERVATION_NARRATIVE_ROW
,40,6.0,NON_OBSERVATION_NARRATIVE_ROW
,40,7.0,NON_OBSERVATION_NARRATIVE_ROW
,40,8.0,NON_OBSERVATION_NARRATIVE_ROW
,40,9.0,NON_OBSERVATION_NARRATIVE_ROW
,45,1.0,NON_OBSERVATION_NARRATIVE_ROW
,45,4.0,NON_OBSERVATION_NARRATIVE_ROW
,45,5.0,NON_OBSERVATION_NARRATIVE_ROW
,45,6.0,NON_OBSERVATION_NARRATIVE_ROW
,45,7.0,NON_OBSERVATION_NARRATIVE_ROW
,18,1.0,NON_OBSERVATION_NARRATIVE_ROW
,18,2.0,NON_OBSERVATION_NARRATIVE_ROW
,18,3.0,NON_OBSERVATION_NARRATIVE_ROW
,18,4.0,NON_OBSERVATION_NARRATIVE_ROW
,18,5.0,NON_OBSERVATION_NARRATIVE_ROW
,18,6.0,NON_OBSERVATION_NARRATIVE_ROW
,18,8.0,NON_OBSERVATION_NARRATIVE_ROW
,18,9.0,NON_OBSERVATION_NARRATIVE_ROW
,18,10.0,NON_OBSERVATION_NARRATIVE_ROW
,18,11.0,NON_OBSERVATION_NARRATIVE_ROW
,18,12.0,NON_OBSERVATION_NARRATIVE_ROW
,18,13.0,NON_OBSERVATION_NARRATIVE_ROW
,18,14.0,NON_OBSERVATION_NARRATIVE_ROW
,18,15.0,NON_OBSERVATION_NARRATIVE_ROW
,18,16.0,NON_OBSERVATION_NARRATIVE_ROW
,18,17.0,NON_OBSERVATION_NARRATIVE_ROW
,25,1.0,NON_OBSERVATION_NARRATIVE_ROW
,25,2.0,NON_OBSERVATION_NARRATIVE_ROW
,25,3.0,NON_OBSERVATION_NARRATIVE_ROW
,25,4.0,NON_OBSERVATION_NARRATIVE_ROW
,25,5.0,NON_OBSERVATION_NARRATIVE_ROW
,25,6.0,NON_OBSERVATION_NARRATIVE_ROW
,25,10.0,NON_OBSERVATION_NARRATIVE_ROW
,25,13.0,NON_OBSERVATION_NARRATIVE_ROW
,25,22.0,NON_OBSERVATION_NARRATIVE_ROW
,25,23.0,NON_OBSERVATION_NARRATIVE_ROW
,29,1.0,NON_OBSERVATION_NARRATIVE_ROW
,29,2.0,NON_OBSERVATION_NARRATIVE_ROW
,29,3.0,NON_OBSERVATION_NARRATIVE_ROW
,29,4.0,NON_OBSERVATION_NARRATIVE_ROW
,29,5.0,NON_OBSERVATION_NARRATIVE_ROW
,29,6.0,NON_OBSERVATION_NARRATIVE_ROW
,29,18.0,NON_OBSERVATION_NARRATIVE_ROW
,29,20.0,NON_OBSERVATION_NARRATIVE_ROW
,29,27.0,NON_OBSERVATION_NARRATIVE_ROW
,30,1.0,NON_OBSERVATION_NARRATIVE_ROW
,30,2.0,NON_OBSERVATION_NARRATIVE_ROW
,30,3.0,NON_OBSERVATION_NARRATIVE_ROW
,30,4.0,NON_OBSERVATION_NARRATIVE_ROW
,30,5.0,NON_OBSERVATION_NARRATIVE_ROW
,30,6.0,NON_OBSERVATION_NARRATIVE_ROW
,30,7.0,NON_OBSERVATION_NARRATIVE_ROW
,30,17.0,NON_OBSERVATION_NARRATIVE_ROW
,30,18.0,NON_OBSERVATION_NARRATIVE_ROW
,33,1.0,NON_OBSERVATION_NARRATIVE_ROW
,33,2.0,NON_OBSERVATION_NARRATIVE_ROW
,33,3.0,NON_OBSERVATION_NARRATIVE_ROW
,33,4.0,NON_OBSERVATION_NARRATIVE_ROW
,33,5.0,NON_OBSERVATION_NARRATIVE_ROW
,33,6.0,NON_OBSERVATION_NARRATIVE_ROW
,33,7.0,NON_OBSERVATION_NARRATIVE_ROW
,33,10.0,NON_OBSERVATION_NARRATIVE_ROW
,33,29.0,NON_OBSERVATION_NARRATIVE_ROW
,33,32.0,NON_OBSERVATION_NARRATIVE_ROW
,33,37.0,NON_OBSERVATION_NARRATIVE_ROW
,33,38.0,NON_OBSERVATION_NARRATIVE_ROW
,14,1.0,NON_OBSERVATION_NARRATIVE_ROW
,14,6.0,NON_OBSERVATION_NARRATIVE_ROW
,14,8.0,NON_OBSERVATION_NARRATIVE_ROW
,14,9.0,NON_OBSERVATION_NARRATIVE_ROW
,14,10.0,NON_OBSERVATION_NARRATIVE_ROW
,14,12.0,NON_OBSERVATION_NARRATIVE_ROW
,14,14.0,NON_OBSERVATION_NARRATIVE_ROW
,14,15.0,NON_OBSERVATION_NARRATIVE_ROW
,14,18.0,NON_OBSERVATION_NARRATIVE_ROW
,14,24.0,NON_OBSERVATION_NARRATIVE_ROW
,14,25.0,NON_OBSERVATION_NARRATIVE_ROW
,14,27.0,NON_OBSERVATION_NARRATIVE_ROW
,14,29.0,NON_OBSERVATION_NARRATIVE_ROW
,14,30.0,NON_OBSERVATION_NARRATIVE_ROW
,14,31.0,NON_OBSERVATION_NARRATIVE_ROW
,14,32.0,NON_OBSERVATION_NARRATIVE_ROW
,21,3.0,NON_OBSERVATION_NARRATIVE_ROW
,21,4.0,NON_OBSERVATION_NARRATIVE_ROW
,21,5.0,NON_OBSERVATION_NARRATIVE_ROW
,21,6.0,NON_OBSERVATION_NARRATIVE_ROW
,28,5.0,NON_OBSERVATION_NARRATIVE_ROW
,28,6.0,NON_OBSERVATION_NARRATIVE_ROW
,28,7.0,NON_OBSERVATION_NARRATIVE_ROW
,36,1.0,NON_OBSERVATION_NARRATIVE_ROW
,36,2.0,NON_OBSERVATION_NARRATIVE_ROW
,36,3.0,NON_OBSERVATION_NARRATIVE_ROW
,36,4.0,NON_OBSERVATION_NARRATIVE_ROW
,36,5.0,NON_OBSERVATION_NARRATIVE_ROW
,36,6.0,NON_OBSERVATION_NARRATIVE_ROW
,36,7.0,NON_OBSERVATION_NARRATIVE_ROW
,36,8.0,NON_OBSERVATION_NARRATIVE_ROW
,36,9.0,NON_OBSERVATION_NARRATIVE_ROW
,36,10.0,NON_OBSERVATION_NARRATIVE_ROW
,36,11.0,NON_OBSERVATION_NARRATIVE_ROW
,36,12.0,NON_OBSERVATION_NARRATIVE_ROW
,36,13.0,NON_OBSERVATION_NARRATIVE_ROW
,36,14.0,NON_OBSERVATION_NARRATIVE_ROW
,36,15.0,NON_OBSERVATION_NARRATIVE_ROW
,36,17.0,NON_OBSERVATION_NARRATIVE_ROW
,36,18.0,NON_OBSERVATION_NARRATIVE_ROW
,36,20.0,NON_OBSERVATION_NARRATIVE_ROW
,36,21.0,NON_OBSERVATION_NARRATIVE_ROW
,36,22.0,NON_OBSERVATION_NARRATIVE_ROW
,36,23.0,NON_OBSERVATION_NARRATIVE_ROW
,36,24.0,NON_OBSERVATION_NARRATIVE_ROW
,36,25.0,NON_OBSERVATION_NARRATIVE_ROW
,36,26.0,NON_OBSERVATION_NARRATIVE_ROW
,36,28.0,NON_OBSERVATION_NARRATIVE_ROW
,36,31.0,NON_OBSERVATION_NARRATIVE_ROW
,36,32.0,NON_OBSERVATION_NARRATIVE_ROW
,36,33.0,NON_OBSERVATION_NARRATIVE_ROW
,42,4.0,NON_OBSERVATION_NARRATIVE_ROW
,42,10.0,NON_OBSERVATION_NARRATIVE_ROW
,42,11.0,NON_OBSERVATION_NARRATIVE_ROW
,45,1.0,NON_OBSERVATION_NARRATIVE_ROW
,45,2.0,NON_OBSERVATION_NARRATIVE_ROW
,45,3.0,NON_OBSERVATION_NARRATIVE_ROW
,45,8.0,NON_OBSERVATION_NARRATIVE_ROW
,45,11.0,NON_OBSERVATION_NARRATIVE_ROW
,45,12.0,NON_OBSERVATION_NARRATIVE_ROW
,45,15.0,NON_OBSERVATION_NARRATIVE_ROW
,45,17.0,NON_OBSERVATION_NARRATIVE_ROW
,45,18.0,NON_OBSERVATION_NARRATIVE_ROW
,45,20.0,NON_OBSERVATION_NARRATIVE_ROW
,45,22.0,NON_OBSERVATION_NARRATIVE_ROW
,45,23.0,NON_OBSERVATION_NARRATIVE_ROW
,45,24.0,NON_OBSERVATION_NARRATIVE_ROW
,45,27.0,NON_OBSERVATION_NARRATIVE_ROW
,45,28.0,NON_OBSERVATION_NARRATIVE_ROW
,45,29.0,NON_OBSERVATION_NARRATIVE_ROW
,16,1.0,NON_OBSERVATION_NARRATIVE_ROW
,16,2.0,NON_OBSERVATION_NARRATIVE_ROW
,16,3.0,NON_OBSERVATION_NARRATIVE_ROW
,16,4.0,NON_OBSERVATION_NARRATIVE_ROW
,16,5.0,NON_OBSERVATION_NARRATIVE_ROW
,16,6.0,NON_OBSERVATION_NARRATIVE_ROW
,16,7.0,NON_OBSERVATION_NARRATIVE_ROW
,16,8.0,NON_OBSERVATION_NARRATIVE_ROW
,16,17.0,NON_OBSERVATION_NARRATIVE_ROW
,16,25.0,NON_OBSERVATION_NARRATIVE_ROW
,23,4.0,NON_OBSERVATION_NARRATIVE_ROW
,23,5.0,NON_OBSERVATION_NARRATIVE_ROW
,23,6.0,NON_OBSERVATION_NARRATIVE_ROW
,29,1.0,NON_OBSERVATION_NARRATIVE_ROW
,29,2.0,NON_OBSERVATION_NARRATIVE_ROW
,29,3.0,NON_OBSERVATION_NARRATIVE_ROW
,29,4.0,NON_OBSERVATION_NARRATIVE_ROW
,29,5.0,NON_OBSERVATION_NARRATIVE_ROW
,29,6.0,NON_OBSERVATION_NARRATIVE_ROW
,29,8.0,NON_OBSERVATION_NARRATIVE_ROW
,29,10.0,NON_OBSERVATION_NARRATIVE_ROW
,29,11.0,NON_OBSERVATION_NARRATIVE_ROW
,29,12.0,NON_OBSERVATION_NARRATIVE_ROW
,29,14.0,NON_OBSERVATION_NARRATIVE_ROW
,29,16.0,NON_OBSERVATION_NARRATIVE_ROW
,29,18.0,NON_OBSERVATION_NARRATIVE_ROW
,29,19.0,NON_OBSERVATION_NARRATIVE_ROW
,29,20.0,NON_OBSERVATION_NARRATIVE_ROW
,29,22.0,NON_OBSERVATION_NARRATIVE_ROW
,29,23.0,NON_OBSERVATION_NARRATIVE_ROW
,29,24.0,NON_OBSERVATION_NARRATIVE_ROW
,29,25.0,NON_OBSERVATION_NARRATIVE_ROW
,29,26.0,NON_OBSERVATION_NARRATIVE_ROW
,29,27.0,NON_OBSERVATION_NARRATIVE_ROW
,29,28.0,NON_OBSERVATION_NARRATIVE_ROW
,29,29.0,NON_OBSERVATION_NARRATIVE_ROW
,29,30.0,NON_OBSERVATION_NARRATIVE_ROW
,29,31.0,NON_OBSERVATION_NARRATIVE_ROW
,29,32.0,NON_OBSERVATION_NARRATIVE_ROW
,29,33.0,NON_OBSERVATION_NARRATIVE_ROW
,29,34.0,NON_OBSERVATION_NARRATIVE_ROW
,29,35.0,NON_OBSERVATION_NARRATIVE_ROW
,29,36.0,NON_OBSERVATION_NARRATIVE_ROW
,29,37.0,NON_OBSERVATION_NARRATIVE_ROW
,38,1.0,NON_OBSERVATION_NARRATIVE_ROW
,38,2.0,NON_OBSERVATION_NARRATIVE_ROW
,38,3.0,NON_OBSERVATION_NARRATIVE_ROW
,38,4.0,NON_OBSERVATION_NARRATIVE_ROW
,38,6.0,NON_OBSERVATION_NARRATIVE_ROW
,38,8.0,NON_OBSERVATION_NARRATIVE_ROW
,38,9.0,NON_OBSERVATION_NARRATIVE_ROW
,38,10.0,NON_OBSERVATION_NARRATIVE_ROW
,38,12.0,NON_OBSERVATION_NARRATIVE_ROW
,38,13.0,NON_OBSERVATION_NARRATIVE_ROW
,38,15.0,NON_OBSERVATION_NARRATIVE_ROW
,38,17.0,NON_OBSERVATION_NARRATIVE_ROW
,38,18.0,NON_OBSERVATION_NARRATIVE_ROW
,38,19.0,NON_OBSERVATION_NARRATIVE_ROW
,38,20.0,NON_OBSERVATION_NARRATIVE_ROW
,38,21.0,NON_OBSERVATION_NARRATIVE_ROW
,38,22.0,NON_OBSERVATION_NARRATIVE_ROW
,38,23.0,NON_OBSERVATION_NARRATIVE_ROW
,38,24.0,NON_OBSERVATION_NARRATIVE_ROW
,38,25.0,NON_OBSERVATION_NARRATIVE_ROW
,38,26.0,NON_OBSERVATION_NARRATIVE_ROW
,38,27.0,NON_OBSERVATION_NARRATIVE_ROW
,38,28.0,NON_OBSERVATION_NARRATIVE_ROW
,38,29.0,NON_OBSERVATION_NARRATIVE_ROW
,38,30.0,NON_OBSERVATION_NARRATIVE_ROW
,38,31.0,NON_OBSERVATION_NARRATIVE_ROW
,38,32.0,NON_OBSERVATION_NARRATIVE_ROW
,38,33.0,NON_OBSERVATION_NARRATIVE_ROW
,44,1.0,NON_OBSERVATION_NARRATIVE_ROW
,44,2.0,NON_OBSERVATION_NARRATIVE_ROW
,44,3.0,NON_OBSERVATION_NARRATIVE_ROW
,44,4.0,NON_OBSERVATION_NARRATIVE_ROW
,44,5.0,NON_OBSERVATION_NARRATIVE_ROW
,44,6.0,NON_OBSERVATION_NARRATIVE_ROW
,44,7.0,NON_OBSERVATION_NARRATIVE_ROW
,44,8.0,NON_OBSERVATION_NARRATIVE_ROW
,44,9.0,NON_OBSERVATION_NARRATIVE_ROW
,44,26.0,NON_OBSERVATION_NARRATIVE_ROW
,44,27.0,NON_OBSERVATION_NARRATIVE_ROW
,52,1.0,NON_OBSERVATION_NARRATIVE_ROW
,52,2.0,NON_OBSERVATION_NARRATIVE_ROW
,52,3.0,NON_OBSERVATION_NARRATIVE_ROW
,52,4.0,NON_OBSERVATION_NARRATIVE_ROW
,52,5.0,NON_OBSERVATION_NARRATIVE_ROW
,52,6.0,NON_OBSERVATION_NARRATIVE_ROW
,52,7.0,NON_OBSERVATION_NARRATIVE_ROW
,52,10.0,NON_OBSERVATION_NARRATIVE_ROW
,52,11.0,NON_OBSERVATION_NARRATIVE_ROW
,52,12.0,NON_OBSERVATION_NARRATIVE_ROW
,52,13.0,NON_OBSERVATION_NARRATIVE_ROW
,52,14.0,NON_OBSERVATION_NARRATIVE_ROW
,52,15.0,NON_OBSERVATION_NARRATIVE_ROW
,59,6.0,NON_OBSERVATION_NARRATIVE_ROW
,59,9.0,NON_OBSERVATION_NARRATIVE_ROW
,59,10.0,NON_OBSERVATION_NARRATIVE_ROW
,59,18.0,NON_OBSERVATION_NARRATIVE_ROW
,59,19.0,NON_OBSERVATION_NARRATIVE_ROW
,59,20.0,NON_OBSERVATION_NARRATIVE_ROW
NIO_2018_LUBAN,162,1.0,"UNRESOLVED_EXTRACTION_AMBIGUITY: WIND_PLAUSIBILITY: value=978.0 kt is outside [10,250]"
NIO_2018_LUBAN,162,2.0,"UNRESOLVED_EXTRACTION_AMBIGUITY: WIND_PLAUSIBILITY: value=980.0 kt is outside [10,250]"
NIO_2018_TITLI,192,1.0,"UNRESOLVED_EXTRACTION_AMBIGUITY: WIND: Non-numeric wind_kt: 'VSCS'; PRESSURE_PLAUSIBILITY: value=21.0 hPa outside [850,1030]"
NIO_2018_LUBAN,162,3.0,"UNRESOLVED_EXTRACTION_AMBIGUITY: WIND_PLAUSIBILITY: value=980.0 kt is outside [10,250]"
NIO_2018_TITLI,192,2.0,"UNRESOLVED_EXTRACTION_AMBIGUITY: WIND: Non-numeric wind_kt: 'SCS'; PRESSURE_PLAUSIBILITY: value=18.0 hPa outside [850,1030]"
NIO_2018_LUBAN,162,4.0,"UNRESOLVED_EXTRACTION_AMBIGUITY: WIND_PLAUSIBILITY: value=980.0 kt is outside [10,250]"
NIO_2018_TITLI,192,3.0,"UNRESOLVED_EXTRACTION_AMBIGUITY: WIND: Non-numeric wind_kt: 'SCS'; PRESSURE_PLAUSIBILITY: value=12.0 hPa outside [850,1030]"
NIO_2018_LUBAN,162,5.0,"UNRESOLVED_EXTRACTION_AMBIGUITY: WIND_PLAUSIBILITY: value=980.0 kt is outside [10,250]"
NIO_2018_TITLI,192,4.0,"UNRESOLVED_EXTRACTION_AMBIGUITY: WIND: Non-numeric wind_kt: 'CS'; PRESSURE_PLAUSIBILITY: value=10.0 hPa outside [850,1030]"
NIO_2018_LUBAN,162,6.0,"UNRESOLVED_EXTRACTION_AMBIGUITY: WIND_PLAUSIBILITY: value=980.0 kt is outside [10,250]"
NIO_2018_TITLI,192,5.0,"UNRESOLVED_EXTRACTION_AMBIGUITY: WIND: Non-numeric wind_kt: 'CS'; PRESSURE_PLAUSIBILITY: value=8.0 hPa outside [850,1030]"
NIO_2018_LUBAN,162,7.0,"UNRESOLVED_EXTRACTION_AMBIGUITY: WIND_PLAUSIBILITY: value=980.0 kt is outside [10,250]"
NIO_2018_TITLI,192,6.0,"UNRESOLVED_EXTRACTION_AMBIGUITY: WIND: Non-numeric wind_kt: 'DD'; PRESSURE_PLAUSIBILITY: value=6.0 hPa outside [850,1030]"
NIO_2018_LUBAN,162,8.0,"UNRESOLVED_EXTRACTION_AMBIGUITY: WIND_PLAUSIBILITY: value=980.0 kt is outside [10,250]"
NIO_2018_LUBAN,162,9.0,"UNRESOLVED_EXTRACTION_AMBIGUITY: WIND_PLAUSIBILITY: value=984.0 kt is outside [10,250]"
NIO_2018_TITLI,192,7.0,"UNRESOLVED_EXTRACTION_AMBIGUITY: WIND: Non-numeric wind_kt: 'DD'; PRESSURE_PLAUSIBILITY: value=6.0 hPa outside [850,1030]"
NIO_2018_LUBAN,162,10.0,"UNRESOLVED_EXTRACTION_AMBIGUITY: WIND_PLAUSIBILITY: value=987.0 kt is outside [10,250]"
NIO_2018_TITLI,192,8.0,"UNRESOLVED_EXTRACTION_AMBIGUITY: WIND: Non-numeric wind_kt: 'DD'; PRESSURE_PLAUSIBILITY: value=5.0 hPa outside [850,1030]"
NIO_2018_LUBAN,162,11.0,"UNRESOLVED_EXTRACTION_AMBIGUITY: WIND_PLAUSIBILITY: value=990.0 kt is outside [10,250]"
NIO_2018_TITLI,192,9.0,"UNRESOLVED_EXTRACTION_AMBIGUITY: WIND: Non-numeric wind_kt: 'DD'; PRESSURE_PLAUSIBILITY: value=5.0 hPa outside [850,1030]"
NIO_2018_LUBAN,162,12.0,"UNRESOLVED_EXTRACTION_AMBIGUITY: WIND_PLAUSIBILITY: value=990.0 kt is outside [10,250]"
NIO_2018_TITLI,192,10.0,"UNRESOLVED_EXTRACTION_AMBIGUITY: WIND: Non-numeric wind_kt: 'D'; PRESSURE_PLAUSIBILITY: value=4.0 hPa outside [850,1030]"
NIO_2018_LUBAN,162,13.0,"UNRESOLVED_EXTRACTION_AMBIGUITY: WIND_PLAUSIBILITY: value=991.0 kt is outside [10,250]"
NIO_2018_TITLI,192,11.0,"UNRESOLVED_EXTRACTION_AMBIGUITY: WIND: Non-numeric wind_kt: 'D'; PRESSURE_PLAUSIBILITY: value=4.0 hPa outside [850,1030]"
NIO_2018_LUBAN,162,14.0,"UNRESOLVED_EXTRACTION_AMBIGUITY: WIND_PLAUSIBILITY: value=992.0 kt is outside [10,250]"
NIO_2018_LUBAN,162,15.0,"UNRESOLVED_EXTRACTION_AMBIGUITY: WIND_PLAUSIBILITY: value=994.0 kt is outside [10,250]"
NIO_2018_TITLI,192,12.0,"UNRESOLVED_EXTRACTION_AMBIGUITY: WIND: Non-numeric wind_kt: 'D'; PRESSURE_PLAUSIBILITY: value=4.0 hPa outside [850,1030]"
NIO_2018_LUBAN,162,16.0,"UNRESOLVED_EXTRACTION_AMBIGUITY: WIND_PLAUSIBILITY: value=994.0 kt is outside [10,250]"
NIO_2018_TITLI,192,13.0,"UNRESOLVED_EXTRACTION_AMBIGUITY: WIND: Non-numeric wind_kt: 'D'; PRESSURE_PLAUSIBILITY: value=3.0 hPa outside [850,1030]"
NIO_2018_LUBAN,162,17.0,"UNRESOLVED_EXTRACTION_AMBIGUITY: WIND_PLAUSIBILITY: value=994.0 kt is outside [10,250]"
NIO_2018_LUBAN,162,18.0,"UNRESOLVED_EXTRACTION_AMBIGUITY: WIND_PLAUSIBILITY: value=994.0 kt is outside [10,250]"
NIO_2018_LUBAN,162,19.0,"UNRESOLVED_EXTRACTION_AMBIGUITY: WIND_PLAUSIBILITY: value=994.0 kt is outside [10,250]"
NIO_2018_LUBAN,162,20.0,"UNRESOLVED_EXTRACTION_AMBIGUITY: WIND_PLAUSIBILITY: value=994.0 kt is outside [10,250]"
NIO_2018_LUBAN,162,21.0,"UNRESOLVED_EXTRACTION_AMBIGUITY: WIND_PLAUSIBILITY: value=994.0 kt is outside [10,250]"
NIO_2018_LUBAN,162,22.0,"UNRESOLVED_EXTRACTION_AMBIGUITY: WIND_PLAUSIBILITY: value=994.0 kt is outside [10,250]"
NIO_2018_LUBAN,162,23.0,"UNRESOLVED_EXTRACTION_AMBIGUITY: WIND_PLAUSIBILITY: value=996.0 kt is outside [10,250]"
NIO_2018_LUBAN,162,24.0,"UNRESOLVED_EXTRACTION_AMBIGUITY: WIND_PLAUSIBILITY: value=996.0 kt is outside [10,250]"
NIO_2018_LUBAN,162,25.0,"UNRESOLVED_EXTRACTION_AMBIGUITY: WIND_PLAUSIBILITY: value=998.0 kt is outside [10,250]"
NIO_2018_LUBAN,162,26.0,"UNRESOLVED_EXTRACTION_AMBIGUITY: WIND_PLAUSIBILITY: value=998.0 kt is outside [10,250]"
NIO_2018_LUBAN,162,28.0,"UNRESOLVED_EXTRACTION_AMBIGUITY: WIND_PLAUSIBILITY: value=999.0 kt is outside [10,250]"
NIO_2018_LUBAN,162,29.0,"UNRESOLVED_EXTRACTION_AMBIGUITY: WIND_PLAUSIBILITY: value=1000.0 kt is outside [10,250]"
NIO_2018_LUBAN,162,30.0,"UNRESOLVED_EXTRACTION_AMBIGUITY: WIND_PLAUSIBILITY: value=1001.0 kt is outside [10,250]"
NIO_2018_LUBAN,162,31.0,"UNRESOLVED_EXTRACTION_AMBIGUITY: WIND_PLAUSIBILITY: value=1002.0 kt is outside [10,250]"
NIO_2018_LUBAN,162,32.0,"UNRESOLVED_EXTRACTION_AMBIGUITY: WIND_PLAUSIBILITY: value=1003.0 kt is outside [10,250]"
NIO_2018_VISAKHAPATNAM,254,1.0,"UNRESOLVED_EXTRACTION_AMBIGUITY: WIND_PLAUSIBILITY: value=992.0 kt is outside [10,250]; PRESSURE_PLAUSIBILITY: value=3.5 hPa outside [850,1030]"
NIO_2018_VISAKHAPATNAM,254,2.0,"UNRESOLVED_EXTRACTION_AMBIGUITY: WIND_PLAUSIBILITY: value=992.0 kt is outside [10,250]; PRESSURE_PLAUSIBILITY: value=3.5 hPa outside [850,1030]"
NIO_2018_VISAKHAPATNAM,254,3.0,"UNRESOLVED_EXTRACTION_AMBIGUITY: WIND_PLAUSIBILITY: value=992.0 kt is outside [10,250]; PRESSURE_PLAUSIBILITY: value=3.5 hPa outside [850,1030]"
NIO_2018_VISAKHAPATNAM,254,4.0,"UNRESOLVED_EXTRACTION_AMBIGUITY: WIND_PLAUSIBILITY: value=994.0 kt is outside [10,250]; PRESSURE_PLAUSIBILITY: value=3.0 hPa outside [850,1030]"
NIO_2018_VISAKHAPATNAM,254,5.0,"UNRESOLVED_EXTRACTION_AMBIGUITY: WIND_PLAUSIBILITY: value=997.0 kt is outside [10,250]; PRESSURE_PLAUSIBILITY: value=3.0 hPa outside [850,1030]"
NIO_2018_VISAKHAPATNAM,254,6.0,"UNRESOLVED_EXTRACTION_AMBIGUITY: WIND_PLAUSIBILITY: value=997.0 kt is outside [10,250]; PRESSURE_PLAUSIBILITY: value=3.0 hPa outside [850,1030]"
