filename,file_size_bytes,sha256,actual_report_year,report_title,page_count,source_type,contains_best_track_tables,has_datetime,has_utc,has_latitude,has_longitude,has_wind,has_pressure,has_category,best_track_page_ranges,contains_multiple_storms,appears_complete,duplicate_group,recommended_role,recommended_canonical,notes
27_db9543_35_7625bf_1997.pdf,6627556,7279d8b54fa55109837e0c47ea518cd730a8517f7e70c3d1ced52bd370035cce,1997,REPORT ON CYCLONIC DISTURBANCES OVER NORTH INDIAN OCEAN DURING 1997,95,ANNUAL_RSMC_REPORT_SCANNED,FALSE,PARTIAL,PARTIAL,PARTIAL,PARTIAL,PARTIAL,PARTIAL,PARTIAL,None (narrative text and track diagrams only),TRUE,TRUE,NONE,HISTORICAL_SUPPLEMENT,TRUE,"Scanned report. Pre-dates core satellite ML period (1998-2024). Contains narrative descriptions, track maps, and radar fixes, but lacks standardized numerical Best Track observation tables."
27_01a386_35_872370_1998.pdf,3637965,4a2aa494433ff4be16e4302a059b74d7c22d164901f54beb15eb039025ee8770,1998,REPORT ON CYCLONIC DISTURBANCES OVER NORTH INDIAN OCEAN DURING 1998,75,ANNUAL_RSMC_REPORT_SCANNED,TRUE,TRUE,TRUE,TRUE,TRUE,TRUE,TRUE,TRUE,"10, 16, 26, 31, 37, 43, 46, 52, 57, 61, 65, 68",TRUE,TRUE,NONE,CORE_BEST_TRACK_SOURCE,TRUE,"Scanned report. Contains standardized Chapter 2 Best Track tables (Tables 2.1.1, 2.2.1, 2.3.1, etc.) with Date, UTC, Lat, Long, ECP, MSW, and Grade. Requires OCR/table extraction normalization."
27_510109_35_66a331_1999.pdf,4736044,91b0dcec2d68dacdef11c36cf570dbb2d5d15015dcd603af88e1a53c27190735,1999,REPORT ON CYCLONIC DISTURBANCES OVER NORTH INDIAN OCEAN DURING 1999,74,ANNUAL_RSMC_REPORT_SCANNED,TRUE,TRUE,TRUE,TRUE,TRUE,TRUE,TRUE,TRUE,"13, 20, 29, 37, 40, 48, 54, 61, 67",TRUE,TRUE,NONE,CORE_BEST_TRACK_SOURCE,TRUE,"Scanned report. Includes the 1999 Odisha Super Cyclone. Contains standardized Best Track tables (Tables 2.1.1, etc.) with all required fields. Requires OCR/table extraction normalization."
27_5af63e_35_0c0afa_2000.pdf,3947945,d875d3bd1e9d3b54f908b627c644a6d0889544b08120f922fcc5dac34fb1220d,2000,REPORT ON CYCLONIC DISTURBANCES OVER NORTH INDIAN OCEAN DURING 2000,59,ANNUAL_RSMC_REPORT_SCANNED,TRUE,TRUE,TRUE,TRUE,TRUE,TRUE,TRUE,TRUE,"15, 19, 28, 33, 41, 49",TRUE,TRUE,NONE,CORE_BEST_TRACK_SOURCE,TRUE,"Scanned report. Contains Chapter 2 Best Track tables (Tables 2.1.1, 2.2.1, etc.) with Date, UTC, Lat, Long, ECP, MSW, and Grade. Requires OCR/table extraction normalization."
27_fa9a04_35_168f8a_2001.pdf,3572635,5e56d4b97ae73c117cc7c4b2208d44fb1a649e2c12da7f3a34a16401fce4754c,2001,REPORT ON CYCLONIC DISTURBANCES OVER NORTH INDIAN OCEAN DURING 2001,54,ANNUAL_RSMC_REPORT_SCANNED,TRUE,TRUE,TRUE,TRUE,TRUE,TRUE,TRUE,TRUE,"18, 28, 34, 40, 45",TRUE,TRUE,NONE,CORE_BEST_TRACK_SOURCE,TRUE,"Scanned report. Contains Chapter 2 Best Track tables (Tables 2.1.1, 2.2.1, 2.3.1, etc.) with Date, UTC, Lat, Long, ECP, MSW, and Grade. Requires OCR/table extraction normalization."
27_54cee6_35_6641c5_2002.pdf,2629013,a0e6c794548a49d81693ec71b65796fa4c403aa2f9483f6e56707378213df733,2002,REPORT ON CYCLONIC DISTURBANCES OVER NORTH INDIAN OCEAN DURING 2002,37,ANNUAL_RSMC_REPORT_SCANNED,TRUE,TRUE,TRUE,TRUE,TRUE,TRUE,TRUE,TRUE,"18, 25, 29-30, 33",TRUE,TRUE,NONE,CORE_BEST_TRACK_SOURCE,TRUE,"Scanned report. Contains Chapter 2 Best Track tables (Tables 2.4.1, 2.5.1, 2.6.1, etc.) with Date, UTC, Lat, Long, ECP, MSW, and Grade. Requires OCR/table extraction normalization."
27_becfa7_35_7946c7_2003.pdf,2874949,ca5d3a373a1abdb9a7c9dde902f4990b2617b35a2978ac215773665e4e26e5bb,2003,REPORT ON CYCLONIC DISTURBANCES OVER NORTH INDIAN OCEAN DURING 2003,49,ANNUAL_RSMC_REPORT_SCANNED,TRUE,TRUE,TRUE,TRUE,TRUE,TRUE,TRUE,TRUE,"14, 21, 28, 36, 42, 45",TRUE,TRUE,NONE,CORE_BEST_TRACK_SOURCE,TRUE,"Scanned report. Contains Chapter 2 Best Track tables (Tables 2.1.1, 2.6.1, etc.) with Date, UTC, Lat, Long, ECP, MSW, and Grade. Requires OCR/table extraction normalization."
27_be26e0_35_2bd72b_2004.pdf,4016781,8e114c0443afa98591765b4a42abe1d81919fc3214215374e5e350890e62aae4,2004,REPORT ON CYCLONIC DISTURBANCES OVER NORTH INDIAN OCEAN DURING 2004,61,ANNUAL_RSMC_REPORT_SCANNED,TRUE,TRUE,TRUE,TRUE,TRUE,TRUE,TRUE,TRUE,"16, 23, 29, 38, 44, 52, 59",TRUE,TRUE,NONE,CORE_BEST_TRACK_SOURCE,TRUE,"Scanned report. Contains Chapter 2 Best Track tables (Tables 2.1, etc.) with Date, UTC, Lat, Long, ECP, MSW, and Grade. Requires OCR/table extraction normalization."
27_684961_rsmc-2005 .pdf,2262382,37a073fec1d53d779e90294792fe24e09c1da8fcf0b7e62231b1e6b5341a4c99,2005,REPORT ON CYCLONIC DISTURBANCES OVER NORTH INDIAN OCEAN DURING 2005,66,ANNUAL_RSMC_REPORT_DIGITAL,TRUE,TRUE,TRUE,TRUE,TRUE,TRUE,TRUE,TRUE,"6, 13-14, 17-18, 21, 23-24, 27-28, 31, 33, 35, 37-38, 42-43, 46-47, 49-50, 54-55, 59-60",TRUE,TRUE,NONE,CORE_BEST_TRACK_SOURCE,TRUE,Digital text report. Contains comprehensive Best Track tables for all 2005 cyclonic disturbances.
27_b1dd60_rsmc-2006 .pdf,3238066,3c07a50dc5d97f6726196ece7b12a3abc7dad35705c7e7232d6d6c7deef05e5c,2006,REPORT ON CYCLONIC DISTURBANCES OVER NORTH INDIAN OCEAN DURING 2006,89,ANNUAL_RSMC_REPORT_DIGITAL,TRUE,TRUE,TRUE,TRUE,TRUE,TRUE,TRUE,TRUE,"14, 18-19, 22-23, 27, 29, 34, 36, 40-41, 45-46, 50, 52, 57-58, 62, 64, 68-69, 73-74, 78-79",TRUE,TRUE,NONE,CORE_BEST_TRACK_SOURCE,TRUE,Digital text report. Contains comprehensive Best Track tables for all 2006 cyclonic disturbances.
27_82fddf_rsmc-2007.pdf,4094091,ee339620c765f8db9d85804217ab993ee3cd9ac52c0d7c447c66cb1275e534ca,2007,REPORT ON CYCLONIC DISTURBANCES OVER NORTH INDIAN OCEAN DURING 2007,98,ANNUAL_RSMC_REPORT_DIGITAL,TRUE,TRUE,TRUE,TRUE,TRUE,TRUE,TRUE,TRUE,"12, 17, 22-23, 25-26, 31-32, 39, 41, 45-46, 50-51, 54, 57, 60, 62, 65, 67, 70-71, 74-75, 79-81, 91",TRUE,TRUE,NONE,CORE_BEST_TRACK_SOURCE,TRUE,Digital text report. Contains comprehensive Best Track tables for all 2007 cyclonic disturbances (including Gonu and Sidr).
27_56679c_rsmc-2008.pdf,5116647,a5c98f617b232bd1c6a625f7d84649538d1cad6f78ef79a1ee23325c0fcaf214,2008,REPORT ON CYCLONIC DISTURBANCES OVER NORTH INDIAN OCEAN DURING 2008,108,ANNUAL_RSMC_REPORT_DIGITAL,TRUE,TRUE,TRUE,TRUE,TRUE,TRUE,TRUE,TRUE,"13, 22, 28, 30, 37-38, 41-42, 44, 46-47, 52, 57, 63, 70, 73, 79",TRUE,TRUE,NONE,CORE_BEST_TRACK_SOURCE,TRUE,Digital text report. Contains comprehensive Best Track tables for all 2008 cyclonic disturbances (including Nargis).
27_4e34f3_rsmc-2009.pdf,4219277,ef3160860dc8aff9a496781f1f8bfaf3965332dd7f8e5744f1a8bda6e9549644,2009,CYCLONIC DISTURBANCES OVER NORTH INDIAN OCEAN DURING 2009: A REPORT,122,ANNUAL_RSMC_REPORT_DIGITAL,TRUE,TRUE,TRUE,TRUE,TRUE,TRUE,TRUE,TRUE,"17, 27, 36, 39, 42, 44-45, 53, 62, 64, 66, 68, 71, 75, 78, 83, 85, 115, 119",TRUE,TRUE,NONE,CORE_BEST_TRACK_SOURCE,TRUE,Digital text report. Contains comprehensive Best Track tables for all 2009 cyclonic disturbances (including Aila).
27_7aaf4d_rsmc-2010.pdf,6514321,7a626a365d743b6bb0858d42910da2f52f7cde59ed70aa17fabf446bb0323c72,2010,REPORT ON CYCLONIC DISTURBANCES OVER NORTH INDIAN OCEAN DURING 2010,162,ANNUAL_RSMC_REPORT_DIGITAL,TRUE,TRUE,TRUE,TRUE,TRUE,TRUE,TRUE,TRUE,"16-17, 29, 35-36, 56-57, 61, 63, 76-77, 80, 82, 84, 91, 93, 100, 103",TRUE,TRUE,NONE,CORE_BEST_TRACK_SOURCE,TRUE,Digital text report. Contains comprehensive Best Track tables for all 2010 cyclonic disturbances (including Giri and Laila).
27_2f6165_rsmc-2011.pdf,15544946,26510ef934e02547b35a2115fc69a246ba31116c62df908fd7c559710e24570e,2011,REPORT ON CYCLONIC DISTURBANCES OVER NORTH INDIAN OCEAN DURING 2011,186,ANNUAL_RSMC_REPORT_DIGITAL,TRUE,TRUE,TRUE,TRUE,TRUE,TRUE,TRUE,TRUE,"16-17, 26, 32-33, 35, 39-40, 62-63, 67-68, 75, 80, 82-83, 97, 105, 107, 118-119",TRUE,TRUE,NONE,CORE_BEST_TRACK_SOURCE,TRUE,Digital text report. Contains comprehensive Best Track tables for all 2011 cyclonic disturbances (including Thane).
27_2138f3_rsmc-2012.pdf,11036196,c33813590c5831d8ca8fba53e27281613f1da73a4d19a475d5591ebe35731898,2012,REPORT ON CYCLONIC DISTURBANCES OVER NORTH INDIAN OCEAN DURING 2012,214,ANNUAL_RSMC_REPORT_DIGITAL,TRUE,TRUE,TRUE,TRUE,TRUE,TRUE,TRUE,TRUE,"19, 29, 34-35, 40, 46, 74-75, 93, 135-136, 148-149",TRUE,TRUE,NONE,CORE_BEST_TRACK_SOURCE,TRUE,Digital text report. Contains comprehensive Best Track tables for all 2012 cyclonic disturbances (including Nilam).
27_14ab8f_rsmc-2013.pdf,36277331,406b0ffad9e72967a8779a57475d299d3a77f468f82579bc76c61fa7bb14e3f5,2013,REPORT ON CYCLONIC DISTURBANCES OVER NORTH INDIAN OCEAN DURING 2013,278,ANNUAL_RSMC_REPORT_DIGITAL,TRUE,TRUE,TRUE,TRUE,TRUE,TRUE,TRUE,TRUE,"16, 26, 32-33, 46, 49, 55-56, 68-69, 78, 96, 99, 112-113, 121, 124-126, 139-140, 256-257, 263, 273",TRUE,TRUE,NONE,CORE_BEST_TRACK_SOURCE,TRUE,Digital text report. Contains comprehensive Best Track tables for all 2013 cyclonic disturbances (including Phailin).
27_4e1280_rsmc-2014.pdf,28292334,50db2e7fc85700c88dc34a6d610591169a2e926d0088651c16ec3dc473e6645f,2014,REPORT ON CYCLONIC DISTURBANCES OVER NORTH INDIAN OCEAN DURING 2014,241,ANNUAL_RSMC_REPORT_DIGITAL,TRUE,TRUE,TRUE,TRUE,TRUE,TRUE,TRUE,TRUE,"14, 16, 26, 32, 39-40, 52-53, 63, 69-70, 77, 79, 92, 105, 115, 134-135, 210-211, 213-214, 220, 224, 229, 232",TRUE,TRUE,NONE,CORE_BEST_TRACK_SOURCE,TRUE,Digital text report. Contains comprehensive Best Track tables for all 2014 cyclonic disturbances (including Hudhud).
27_9bbd0d_RSMC-2015.pdf,16086198,fe6325b81136e06644433f8947b2b62e798f84bbafc85f189a8a5041ba89c0b6,2015,REPORT ON CYCLONIC DISTURBANCES OVER NORTH INDIAN OCEAN DURING 2015,338,ANNUAL_RSMC_REPORT_DIGITAL,TRUE,TRUE,TRUE,TRUE,TRUE,TRUE,TRUE,TRUE,"14, 27, 35, 46-47, 54-55, 61-62, 69, 79, 81, 105-106, 110-111, 121, 124, 136, 140, 167, 172, 191-192, 234, 255, 309",TRUE,TRUE,NONE,CORE_BEST_TRACK_SOURCE,TRUE,Digital text report. Contains comprehensive Best Track tables for all 2015 cyclonic disturbances (including Chapala and Megh).
27_ad292c_rsmc-2016.pdf,59713613,1c862162f981a8cfdd6e1809f22ee3c9abcda4314bc7b2d6c4713a4deafdcf33,2016,REPORT ON CYCLONIC DISTURBANCES OVER NORTH INDIAN OCEAN DURING 2016,271,ANNUAL_RSMC_REPORT_DIGITAL,TRUE,TRUE,TRUE,TRUE,TRUE,TRUE,TRUE,TRUE,"13, 24, 31-32, 57-58, 65, 70-71, 78-79, 90, 109-110, 124-125, 142-143, 145, 173-174, 180, 245, 247, 250, 253, 256, 259",TRUE,TRUE,NONE,CORE_BEST_TRACK_SOURCE,TRUE,Digital text report. Contains comprehensive Best Track tables for all 2016 cyclonic disturbances (including Vardah).
27_bbaf11_rsmc-2017.pdf,20822211,bc8014cb715733de1ce0cbba07647ba3bcec23ce24c3b3707e488ed857864910,2017,REPORT ON CYCLONIC DISTURBANCES OVER NORTH INDIAN OCEAN DURING 2017,328,ANNUAL_RSMC_REPORT_DIGITAL,TRUE,TRUE,TRUE,TRUE,TRUE,TRUE,TRUE,TRUE,"17, 28, 36, 52, 54, 76, 84, 91, 99, 108, 125, 137, 148, 185, 187, 217, 227, 301, 304-305, 311",TRUE,TRUE,NONE,CORE_BEST_TRACK_SOURCE,TRUE,Digital text report. Contains comprehensive Best Track tables for all 2017 cyclonic disturbances (including Ockhi).
27_60dae9_rsmc-2018.pdf,80308759,2966e0f7899b079096f0a775ea0825b0650a7b64e81cb6808508beaac92f155b,2018,REPORT ON CYCLONIC DISTURBANCES OVER NORTH INDIAN OCEAN DURING 2018,429,ANNUAL_RSMC_REPORT_DIGITAL,TRUE,TRUE,TRUE,TRUE,TRUE,TRUE,TRUE,TRUE,"16, 18-19, 26, 33, 41-42, 48, 51, 66, 69, 90, 97, 103-104, 112, 121-122, 131-132, 142, 156, 161, 187, 191, 214, 218, 245-246, 252-253, 377, 389, 391, 397, 400",TRUE,TRUE,NONE,CORE_BEST_TRACK_SOURCE,TRUE,Digital text report. Contains comprehensive Best Track tables for all 2018 cyclonic disturbances (including Titli and Luban).
27_fddc6c_rsmc2020.pdf,80716260,21a6b7af66ee163b5649d1dbfdd9c8ccf08abdc792c894df3be60ec6f326ba16,2019,REPORT ON CYCLONIC DISTURBANCES OVER NORTH INDIAN OCEAN DURING 2019,429,ANNUAL_RSMC_REPORT_DIGITAL,TRUE,TRUE,TRUE,TRUE,TRUE,TRUE,TRUE,TRUE,"12, 15, 23, 31, 39, 42, 59, 96, 124, 140, 142, 157-158, 164, 168, 200, 203, 235, 257, 259, 278-279, 287-288, 314, 378",TRUE,TRUE,APPARENT_2020_DUPLICATE_RESOLVED,CORE_BEST_TRACK_SOURCE,TRUE,Filename rsmc2020.pdf is an external misnomer reflecting publication identifier No. MOES/IMD/RSMC-Tropical Cyclone Report No/01 (2020)/10. Content covers 2019 cyclone season including FANI. Sole source for 2019.
27_26e77b_rsmc-2020 with damage.pdf,84011933,9f968b2ad68131ac258ad0d9327e44fdf8f539977d0d4f0bf0aad3b1eb6e3138,2020,REPORT ON CYCLONIC DISTURBANCES OVER NORTH INDIAN OCEAN DURING 2020,366,ANNUAL_RSMC_REPORT_DIGITAL,TRUE,TRUE,TRUE,TRUE,TRUE,TRUE,TRUE,TRUE,"16, 23, 29, 37, 40, 94, 96, 105, 107, 128, 131, 150, 160, 172, 192, 223, 245, 303, 306, 314, 327, 330, 342",TRUE,TRUE,APPARENT_2020_DUPLICATE_RESOLVED,CORE_BEST_TRACK_SOURCE,TRUE,Publication identifier No. MOES/IMD/RSMC-Tropical Cyclone Report/01 (2021)/11. Covers 2020 cyclone season including AMPHAN. Includes damage assessment sections. Sole source for 2020.
27_81bdf0_RSMC Report 2021.pdf,59943504,2849fceb6442e9497ad69b58beb3bedc781097e1820b769b5682c4071c26e12b,2021,REPORT ON CYCLONIC DISTURBANCES OVER NORTH INDIAN OCEAN DURING 2021,345,ANNUAL_RSMC_REPORT_DIGITAL,TRUE,TRUE,TRUE,TRUE,TRUE,TRUE,TRUE,TRUE,"26, 32, 42, 54, 56, 58, 90-91, 93, 114-115, 118, 131-132, 146, 152, 172-173, 182, 194-195, 205, 207, 233, 289, 305, 321",TRUE,TRUE,NONE,CORE_BEST_TRACK_SOURCE,TRUE,Digital text report. Contains comprehensive Best Track tables for all 2021 cyclonic disturbances (including TAUKTAE and Yaas).
27_501da8_RSMC full report 2022 13 Jan.pdf,81695068,172e6491010c7ea4baba337ce77c46422ba4ca1ff1a5e11c6290bc7c0d751e71,2022,REPORT ON CYCLONIC DISTURBANCES OVER NORTH INDIAN OCEAN DURING 2022,396,ANNUAL_RSMC_REPORT_DIGITAL,TRUE,TRUE,TRUE,TRUE,TRUE,TRUE,TRUE,TRUE,"13, 22, 24, 33, 39, 48, 51, 62, 64, 80, 102-103, 114-115, 126-127, 139-140, 150, 165-166, 186-187, 196, 198, 216-217, 231, 234, 254, 256, 269, 271, 342",TRUE,TRUE,NONE,CORE_BEST_TRACK_SOURCE,TRUE,"Digital text report. Contains comprehensive Best Track tables for all 2022 cyclonic disturbances (including Asani, Sitrang, Mandous)."
27_7d3be4_Final_upload RSMC Report 2024 (1).pdf,86828972,3a0d2c2b041d17678abec37206e5786b470a24266dede8aef8d55f578f4d38fc,2023,REPORT ON CYCLONIC DISTURBANCES OVER NORTH INDIAN OCEAN DURING 2023,438,ANNUAL_RSMC_REPORT_DIGITAL,TRUE,TRUE,TRUE,TRUE,TRUE,TRUE,TRUE,TRUE,"30, 35, 44-45, 64, 66, 94, 123, 130-131, 143-144, 155-156, 180-181, 207-208, 225-226, 254, 258-259, 261, 263, 279, 298, 300, 349",TRUE,TRUE,APPARENT_2024_DUPLICATE_RESOLVED,CORE_BEST_TRACK_SOURCE,TRUE,Filename Final_upload RSMC Report 2024 (1).pdf is an external misnomer reflecting publication/upload date (Jan 2024). Content covers 2023 cyclone season including BIPARJOY and Mocha. Sole source for 2023.
27_a7fb96_27_ef4e32_RSMC-Report2024-for upload.pdf,82880963,a87291681b238647023878522c3dfe1ea577f28a661d55bda735c768b7b9fc6e,2024,REPORT ON CYCLONIC DISTURBANCES OVER NORTH INDIAN OCEAN DURING 2024,416,ANNUAL_RSMC_REPORT_DIGITAL,TRUE,TRUE,TRUE,TRUE,TRUE,TRUE,TRUE,TRUE,"8, 20-21, 26, 30-31, 35, 43-44, 71, 74-75, 86-87, 108, 136, 151-152, 165, 179-180, 202-203, 212-213, 225-226, 250-251, 254, 282-283, 315, 319, 340, 354, 362",TRUE,TRUE,APPARENT_2024_DUPLICATE_RESOLVED,CORE_BEST_TRACK_SOURCE,TRUE,"Publication identifier ESSO/MoES/IMD/RSMC-Tropical Cyclone Report/01(2025)/15. Covers 2024 cyclone season including REMAL, Asna, and Dana. Sole source for 2024."
27_c8dbd0_0_COVER_PAGE_RSMC_Report_2025.pdf,98097630,0dbd28e2ea0062767eacb17e8c34191463733e38cfb502c458133e2825568bab,2025,REPORT ON CYCLONIC DISTURBANCES OVER NORTH INDIAN OCEAN DURING 2025,397,ANNUAL_RSMC_REPORT_DIGITAL,TRUE,TRUE,TRUE,TRUE,TRUE,TRUE,TRUE,TRUE,"8, 19-20, 26, 38, 47, 61-62, 76, 85, 89-90, 100-101, 113-114, 123, 137, 152, 160-161, 166-167, 182, 188, 204, 230, 258, 276, 310, 314, 320, 351",TRUE,TRUE,NONE,FUTURE_EVALUATION_SET,TRUE,Filename indicates COVER_PAGE but document is a complete 397-page annual report with Best Track tables. Excluded from training/validation per frozen project rules; retained as optional future blind evaluation set.
