storm_id,storm_name,year,split,start_timestamp_utc,end_timestamp_utc,total_original_samples,has_insat_coverage,paired_multisource_samples,missing_insat_samples,coverage_status
NIO_1998_UNNAMED_10,NIO_1998_UNNAMED_10,1998,TRAIN,1993-05-17T12:00:00+00:00,1998-05-20T12:00:00+00:00,0,False,0,0,NO_GRID_SAMPLES
NIO_1998_UNNAMED_16,NIO_1998_UNNAMED_16,1998,TRAIN,1998-05-20T06:00:00+00:00,1998-06-08T03:00:00+00:00,0,False,0,0,NO_GRID_SAMPLES
NIO_1998_UNNAMED_26,NIO_1998_UNNAMED_26,1998,TRAIN,1998-06-13T15:00:00+00:00,1998-06-15T03:00:00+00:00,0,False,0,0,NO_GRID_SAMPLES
NIO_1998_UNNAMED_31,NIO_1998_UNNAMED_31,1998,TRAIN,1998-10-06T12:00:00+00:00,1998-10-09T12:00:00+00:00,1,False,0,1,PRE_INSAT3D
NIO_1998_UNNAMED_46,NIO_1998_UNNAMED_46,1998,TRAIN,1998-10-28T10:02:00+00:00,1998-10-28T10:02:00+00:00,0,False,0,0,NO_GRID_SAMPLES
NIO_1998_UNNAMED_52,NIO_1998_UNNAMED_52,1998,TRAIN,1998-11-13T03:00:00+00:00,1998-11-16T03:00:00+00:00,0,False,0,0,NO_GRID_SAMPLES
NIO_1999_UNNAMED_13,NIO_1999_UNNAMED_13,1999,TRAIN,1999-02-01T03:00:00+00:00,1999-02-03T18:00:00+00:00,1,False,0,1,PRE_INSAT3D
NIO_1999_UNNAMED_40,NIO_1999_UNNAMED_40,1999,TRAIN,1999-02-03T03:00:00+00:00,1999-08-09T00:00:00+00:00,0,False,0,0,NO_GRID_SAMPLES
NIO_1999_UNNAMED_48,NIO_1999_UNNAMED_48,1999,TRAIN,1999-10-17T18:00:00+00:00,1999-10-19T03:00:00+00:00,0,False,0,0,NO_GRID_SAMPLES
NIO_2000_UNNAMED_49,NIO_2000_UNNAMED_49,2000,TRAIN,2000-12-27T00:00:00+00:00,2000-12-27T21:00:00+00:00,0,False,0,0,NO_GRID_SAMPLES
NIO_2001_UNNAMED_18,NIO_2001_UNNAMED_18,2001,TRAIN,2001-05-26T00:00:00+00:00,2001-05-27T06:00:00+00:00,0,False,0,0,NO_GRID_SAMPLES
NIO_2001_UNNAMED_34,NIO_2001_UNNAMED_34,2001,TRAIN,2001-09-26T10:04:00+00:00,2001-09-26T10:04:00+00:00,0,False,0,0,NO_GRID_SAMPLES
NIO_2002_UNNAMED_25,NIO_2002_UNNAMED_25,2002,TRAIN,2002-11-10T03:00:00+00:00,2002-11-12T15:00:00+00:00,1,False,0,1,PRE_INSAT3D
NIO_2002_UNNAMED_29,NIO_2002_UNNAMED_29,2002,TRAIN,2002-11-23T03:00:00+00:00,2002-11-26T21:00:00+00:00,4,False,0,4,PRE_INSAT3D
NIO_2002_UNNAMED_30,NIO_2002_UNNAMED_30,2002,TRAIN,2002-11-27T00:00:00+00:00,2002-11-28T12:00:00+00:00,0,False,0,0,NO_GRID_SAMPLES
NIO_2002_UNNAMED_33,NIO_2002_UNNAMED_33,2002,TRAIN,2002-12-21T03:00:00+00:00,2002-12-25T15:00:00+00:00,0,False,0,0,NO_GRID_SAMPLES
NIO_2003_01B,BOB_VSCS_MAY,2003,TRAIN,2003-05-10T21:00:00+00:00,2003-05-14T10:00:00+00:00,0,False,0,0,NO_GRID_SAMPLES
NIO_2003_02B,BOB_DD_JULY,2003,TRAIN,2003-07-25T03:00:00+00:00,2003-07-25T03:00:00+00:00,0,False,0,0,NO_GRID_SAMPLES
NIO_2003_04B,BOB_D_OCT,2003,TRAIN,2003-10-06T00:30:00+00:00,2003-10-06T12:00:00+00:00,0,False,0,0,NO_GRID_SAMPLES
NIO_2003_05B,BOB_DD_OCT,2003,TRAIN,2003-10-26T10:04:00+00:00,2003-10-26T12:00:00+00:00,0,False,0,0,NO_GRID_SAMPLES
NIO_2003_03A,ARB_SCS_NOV,2003,TRAIN,2003-11-12T10:00:00+00:00,2003-11-12T15:00:00+00:00,0,False,0,0,NO_GRID_SAMPLES
NIO_2003_06B,BOB_SCS_DEC,2003,TRAIN,2003-12-11T00:00:00+00:00,2003-12-11T12:00:00+00:00,0,False,0,0,NO_GRID_SAMPLES
NIO_2004_UNNAMED_29,NIO_2004_UNNAMED_29,2004,TRAIN,2004-05-09T04:00:00+00:00,2004-05-09T04:00:00+00:00,0,False,0,0,NO_GRID_SAMPLES
NIO_2005_IN,IN,2005,TRAIN,2005-01-13T12:00:00+00:00,2005-01-17T12:00:00+00:00,1,False,0,1,PRE_INSAT3D
NIO_2005_UNNAMED_2_2_1,NIO_2005_UNNAMED_2_2_1,2005,TRAIN,2005-06-21T03:00:00+00:00,2005-06-22T12:00:00+00:00,0,False,0,0,NO_GRID_SAMPLES
NIO_2005_UNNAMED_2_3_1,NIO_2005_UNNAMED_2_3_1,2005,TRAIN,2005-06-27T12:00:00+00:00,2005-07-05T12:00:00+00:00,0,False,0,0,NO_GRID_SAMPLES
NIO_2005_EPRESSION,EPRESSION,2005,TRAIN,2005-07-29T03:00:00+00:00,2005-07-31T12:00:00+00:00,0,False,0,0,NO_GRID_SAMPLES
NIO_2005_UNNAMED_2_5_1,NIO_2005_UNNAMED_2_5_1,2005,TRAIN,2005-09-12T03:00:00+00:00,2005-09-16T12:00:00+00:00,0,False,0,0,NO_GRID_SAMPLES
NIO_2005_UNNAMED_2_6_1,NIO_2005_UNNAMED_2_6_1,2005,TRAIN,2005-09-14T03:00:00+00:00,2005-09-16T12:00:00+00:00,0,False,0,0,NO_GRID_SAMPLES
NIO_2005_UNNAMED_2_7_1,NIO_2005_UNNAMED_2_7_1,2005,TRAIN,2005-09-17T03:00:00+00:00,2005-09-21T12:00:00+00:00,4,False,0,4,PRE_INSAT3D
NIO_2005_UNNAMED_2_8_1,NIO_2005_UNNAMED_2_8_1,2005,TRAIN,2005-10-26T03:00:00+00:00,2005-10-29T03:00:00+00:00,5,False,0,5,PRE_INSAT3D
NIO_2005_UNNAMED_2_9_1,NIO_2005_UNNAMED_2_9_1,2005,TRAIN,2005-11-20T03:00:00+00:00,2005-11-22T09:00:00+00:00,3,False,0,3,PRE_INSAT3D
NIO_2005_UNNAMED_2_10,NIO_2005_UNNAMED_2_10,2005,TRAIN,2005-11-28T03:00:00+00:00,2005-12-02T03:00:00+00:00,17,False,0,17,PRE_INSAT3D
NIO_2005_UNNAMED_2_11_1,NIO_2005_UNNAMED_2_11_1,2005,TRAIN,2005-12-06T03:00:00+00:00,2005-12-09T21:00:00+00:00,15,False,0,15,PRE_INSAT3D
NIO_2005_UNNAMED_2_12_1,NIO_2005_UNNAMED_2_12_1,2005,TRAIN,2005-12-15T12:00:00+00:00,2005-12-22T00:00:00+00:00,37,False,0,37,PRE_INSAT3D
NIO_2006_UNNAMED_2_1_1,NIO_2006_UNNAMED_2_1_1,2006,TRAIN,2006-01-13T12:00:00+00:00,2006-01-14T21:00:00+00:00,0,False,0,0,NO_GRID_SAMPLES
NIO_2006_UNNAMED_2_2_1,NIO_2006_UNNAMED_2_2_1,2006,TRAIN,2006-04-25T03:00:00+00:00,2006-04-29T18:00:00+00:00,22,False,0,22,PRE_INSAT3D
NIO_2006_UNNAMED_2_2_3,NIO_2006_UNNAMED_2_2_3,2006,TRAIN,2006-07-02T00:00:00+00:00,2006-07-05T06:00:00+00:00,11,False,0,11,PRE_INSAT3D
NIO_2006_UNNAMED_2_4_1,NIO_2006_UNNAMED_2_4_1,2006,TRAIN,2006-08-02T03:00:00+00:00,2006-08-05T06:00:00+00:00,1,False,0,1,PRE_INSAT3D
NIO_2006_UNNAMED_2_5_1,NIO_2006_UNNAMED_2_5_1,2006,TRAIN,2006-08-12T03:00:00+00:00,2006-08-13T00:00:00+00:00,0,False,0,0,NO_GRID_SAMPLES
NIO_2006_UNNAMED_2_6_1,NIO_2006_UNNAMED_2_6_1,2006,TRAIN,2006-08-16T03:00:00+00:00,2006-08-18T09:00:00+00:00,3,False,0,3,PRE_INSAT3D
NIO_2006_UNNAMED_2_2_7,NIO_2006_UNNAMED_2_2_7,2006,TRAIN,2006-08-29T03:00:00+00:00,2006-09-01T06:00:00+00:00,10,False,0,10,PRE_INSAT3D
NIO_2006_HEAVY,HEAVY,2006,TRAIN,2006-09-03T12:00:00+00:00,2006-09-04T21:00:00+00:00,0,False,0,0,NO_GRID_SAMPLES
NIO_2006_UNNAMED_2_10_1,NIO_2006_UNNAMED_2_10_1,2006,TRAIN,2006-09-21T03:00:00+00:00,2006-09-24T12:00:00+00:00,12,False,0,12,PRE_INSAT3D
NIO_2006_UNNAMED_2_9_1,NIO_2006_UNNAMED_2_9_1,2006,TRAIN,2006-09-21T03:00:00+00:00,2006-09-24T00:00:00+00:00,8,False,0,8,PRE_INSAT3D
NIO_2006_UNNAMED_2_11_1,NIO_2006_UNNAMED_2_11_1,2006,TRAIN,2006-09-28T09:00:00+00:00,2006-09-30T00:00:00+00:00,0,False,0,0,NO_GRID_SAMPLES
NIO_2006_UNNAMED_2_12_1,NIO_2006_UNNAMED_2_12_1,2006,TRAIN,2006-10-29T00:00:00+00:00,2006-10-30T09:00:00+00:00,0,False,0,0,NO_GRID_SAMPLES
NIO_2007_UNNAMED_2_1_1,NIO_2007_UNNAMED_2_1_1,2007,TRAIN,2007-05-03T12:00:00+00:00,2007-05-04T21:00:00+00:00,0,False,0,0,NO_GRID_SAMPLES
NIO_2007_UNNAMED_2_2_1,NIO_2007_UNNAMED_2_2_1,2007,TRAIN,2007-05-13T03:00:00+00:00,2007-05-14T21:00:00+00:00,0,False,0,0,NO_GRID_SAMPLES
NIO_2007_UNNAMED_2_3_1,NIO_2007_UNNAMED_2_3_1,2007,TRAIN,2007-06-01T18:00:00+00:00,2007-06-07T03:00:00+00:00,26,False,0,26,PRE_INSAT3D
NIO_2007_UNNAMED_05,NIO_2007_UNNAMED_05,2007,TRAIN,2007-06-21T03:00:00+00:00,2007-06-23T09:00:00+00:00,3,False,0,3,PRE_INSAT3D
NIO_2007_UNNAMED_2_5_1,NIO_2007_UNNAMED_2_5_1,2007,TRAIN,2007-06-25T03:00:00+00:00,2007-06-26T00:00:00+00:00,0,False,0,0,NO_GRID_SAMPLES
NIO_2007_UNNAMED_2_6_1,NIO_2007_UNNAMED_2_6_1,2007,TRAIN,2007-06-28T00:00:00+00:00,2007-06-30T12:00:00+00:00,5,False,0,5,PRE_INSAT3D
NIO_2007_UNNAMED_08,NIO_2007_UNNAMED_08,2007,TRAIN,2007-07-04T03:00:00+00:00,2007-07-09T09:00:00+00:00,27,False,0,27,PRE_INSAT3D
NIO_2007_UNNAMED_09,NIO_2007_UNNAMED_09,2007,TRAIN,2007-08-05T00:00:00+00:00,2007-08-07T09:00:00+00:00,4,False,0,4,PRE_INSAT3D
NIO_2007_UNNAMED_10,NIO_2007_UNNAMED_10,2007,TRAIN,2007-09-21T12:00:00+00:00,2007-09-24T09:00:00+00:00,8,False,0,8,PRE_INSAT3D
NIO_2007_UNNAMED_2_10_1,NIO_2007_UNNAMED_2_10_1,2007,TRAIN,2007-10-27T18:00:00+00:00,2007-10-29T00:00:00+00:00,0,False,0,0,NO_GRID_SAMPLES
NIO_2007_UNNAMED_2_11_1,NIO_2007_UNNAMED_2_11_1,2007,TRAIN,2007-10-27T18:00:00+00:00,2007-11-02T09:00:00+00:00,12,False,0,12,PRE_INSAT3D
NIO_2007_UNNAMED_2_12_1,NIO_2007_UNNAMED_2_12_1,2007,TRAIN,2007-11-11T09:00:00+00:00,2007-11-16T03:00:00+00:00,23,False,0,23,PRE_INSAT3D
NIO_2008_NARGIS,NARGIS,2008,TRAIN,2008-04-27T03:00:00+00:00,2008-05-02T03:00:00+00:00,25,False,0,25,PRE_INSAT3D
NIO_2008_UNNAMED_2_2_1,NIO_2008_UNNAMED_2_2_1,2008,TRAIN,2008-06-05T00:00:00+00:00,2008-06-06T21:00:00+00:00,0,False,0,0,NO_GRID_SAMPLES
NIO_2008_UNNAMED_2_3_1,NIO_2008_UNNAMED_2_3_1,2008,TRAIN,2008-06-16T03:00:00+00:00,2008-06-18T03:00:00+00:00,0,False,0,0,NO_GRID_SAMPLES
NIO_2008_UNNAMED_2_4_1,NIO_2008_UNNAMED_2_4_1,2008,TRAIN,2008-08-09T12:00:00+00:00,2008-08-10T09:00:00+00:00,0,False,0,0,NO_GRID_SAMPLES
NIO_2008_UNNAMED_2_5_1,NIO_2008_UNNAMED_2_5_1,2008,TRAIN,2008-09-15T12:00:00+00:00,2008-09-19T09:00:00+00:00,3,False,0,3,PRE_INSAT3D
NIO_2008_UNNAMED_05,NIO_2008_UNNAMED_05,2008,TRAIN,2008-10-19T09:00:00+00:00,2008-10-22T12:00:00+00:00,0,False,0,0,NO_GRID_SAMPLES
NIO_2008_RASHMI,RASHMI,2008,TRAIN,2008-10-25T03:00:00+00:00,2008-10-27T03:00:00+00:00,0,False,0,0,NO_GRID_SAMPLES
NIO_2008_UNNAMED_2_8_1,NIO_2008_UNNAMED_2_8_1,2008,TRAIN,2008-11-13T12:00:00+00:00,2008-11-16T03:00:00+00:00,4,False,0,4,PRE_INSAT3D
NIO_2008_NISHA,NISHA,2008,TRAIN,2008-11-25T09:00:00+00:00,2008-11-27T12:00:00+00:00,2,False,0,2,PRE_INSAT3D
NIO_2008_UNNAMED_2_10_1,NIO_2008_UNNAMED_2_10_1,2008,TRAIN,2008-12-04T03:00:00+00:00,2008-12-07T12:00:00+00:00,1,False,0,1,PRE_INSAT3D
NIO_2009_BIJLI,BIJLI,2009,TRAIN,2009-04-14T09:00:00+00:00,2009-04-17T15:00:00+00:00,7,False,0,7,PRE_INSAT3D
NIO_2009_WARD,WARD,2009,TRAIN,2009-05-11T00:00:00+00:00,2009-12-15T00:00:00+00:00,6,False,0,6,PRE_INSAT3D
NIO_2009_UNNAMED_2_2_1,NIO_2009_UNNAMED_2_2_1,2009,TRAIN,2009-05-23T06:00:00+00:00,2009-05-25T12:00:00+00:00,2,False,0,2,PRE_INSAT3D
NIO_2009_UNNAMED_2_3_1,NIO_2009_UNNAMED_2_3_1,2009,TRAIN,2009-06-23T00:00:00+00:00,2009-06-24T00:00:00+00:00,0,False,0,0,NO_GRID_SAMPLES
NIO_2009_UNNAMED_2_4_1,NIO_2009_UNNAMED_2_4_1,2009,TRAIN,2009-06-25T09:00:00+00:00,2009-06-25T18:00:00+00:00,0,False,0,0,NO_GRID_SAMPLES
NIO_2009_UNNAMED_2_5_1,NIO_2009_UNNAMED_2_5_1,2009,TRAIN,2009-07-20T03:00:00+00:00,2009-07-21T06:00:00+00:00,0,False,0,0,NO_GRID_SAMPLES
NIO_2009_UNNAMED_2_6_1,NIO_2009_UNNAMED_2_6_1,2009,TRAIN,2009-09-05T00:00:00+00:00,2009-09-07T09:00:00+00:00,1,False,0,1,PRE_INSAT3D
NIO_2009_PHYAN,PHYAN,2009,TRAIN,2009-11-09T09:00:00+00:00,2009-11-11T18:00:00+00:00,2,False,0,2,PRE_INSAT3D
NIO_2010_IS,IS,2010,TRAIN,2010-05-17T06:00:00+00:00,2010-05-19T06:00:00+00:00,1,False,0,1,PRE_INSAT3D
NIO_2010_BANDU,BANDU,2010,TRAIN,2010-05-19T09:00:00+00:00,2010-05-22T18:00:00+00:00,7,False,0,7,PRE_INSAT3D
NIO_2010_PHET,PHET,2010,TRAIN,2010-05-31T06:00:00+00:00,2010-06-03T06:00:00+00:00,6,False,0,6,PRE_INSAT3D
NIO_2010_UNNAMED_2_4_1,NIO_2010_UNNAMED_2_4_1,2010,TRAIN,2010-10-07T03:00:00+00:00,2010-10-08T18:00:00+00:00,0,False,0,0,NO_GRID_SAMPLES
NIO_2010_UNNAMED_2_5_1,NIO_2010_UNNAMED_2_5_1,2010,TRAIN,2010-10-13T06:00:00+00:00,2010-10-16T00:00:00+00:00,4,False,0,4,PRE_INSAT3D
NIO_2010_GIRI,GIRI,2010,TRAIN,2010-10-20T12:00:00+00:00,2010-10-23T06:00:00+00:00,5,False,0,5,PRE_INSAT3D
NIO_2010_JAL,JAL,2010,TRAIN,2010-11-04T00:00:00+00:00,2010-11-08T03:00:00+00:00,13,False,0,13,PRE_INSAT3D
NIO_2011_UNNAMED_2_1_1,NIO_2011_UNNAMED_2_1_1,2011,TRAIN,2011-02-02T09:00:00+00:00,2011-02-02T18:00:00+00:00,0,False,0,0,NO_GRID_SAMPLES
NIO_2011_UNNAMED_2_2_1,NIO_2011_UNNAMED_2_2_1,2011,TRAIN,2011-06-11T12:00:00+00:00,2011-06-12T06:00:00+00:00,0,False,0,0,NO_GRID_SAMPLES
NIO_2011_UNNAMED_2_3_1,NIO_2011_UNNAMED_2_3_1,2011,TRAIN,2011-06-16T03:00:00+00:00,2011-06-22T18:00:00+00:00,19,False,0,19,PRE_INSAT3D
NIO_2011_UNNAMED_2_4_1,NIO_2011_UNNAMED_2_4_1,2011,TRAIN,2011-07-22T03:00:00+00:00,2011-07-23T00:00:00+00:00,0,False,0,0,NO_GRID_SAMPLES
NIO_2011_IS,IS,2011,TRAIN,2011-09-22T03:00:00+00:00,2011-10-20T00:00:00+00:00,0,False,0,0,NO_GRID_SAMPLES
NIO_2011_KEILA,KEILA,2011,TRAIN,2011-10-29T00:00:00+00:00,2011-11-02T18:00:00+00:00,9,False,0,9,PRE_INSAT3D
NIO_2011_UNNAMED_2_8_1,NIO_2011_UNNAMED_2_8_1,2011,TRAIN,2011-11-06T06:00:00+00:00,2011-11-10T03:00:00+00:00,8,False,0,8,PRE_INSAT3D
NIO_2011_UNNAMED_2_9_1,NIO_2011_UNNAMED_2_9_1,2011,TRAIN,2011-11-26T03:00:00+00:00,2011-12-01T06:00:00+00:00,10,False,0,10,PRE_INSAT3D
NIO_2011_THANE,THANE,2011,TRAIN,2011-12-25T12:00:00+00:00,2011-12-30T12:00:00+00:00,19,False,0,19,PRE_INSAT3D
NIO_2012_UNNAMED_2_1_1,NIO_2012_UNNAMED_2_1_1,2012,TRAIN,2012-10-10T12:00:00+00:00,2012-10-11T03:00:00+00:00,0,False,0,0,NO_GRID_SAMPLES
NIO_2012_MURJAN,MURJAN,2012,TRAIN,2012-10-23T03:00:00+00:00,2012-10-26T03:00:00+00:00,0,False,0,0,NO_GRID_SAMPLES
NIO_2012_NILAM,NILAM,2012,TRAIN,2012-10-28T06:00:00+00:00,2012-10-31T06:00:00+00:00,4,False,0,4,PRE_INSAT3D
NIO_2012_UNNAMED_2_4_1,NIO_2012_UNNAMED_2_4_1,2012,TRAIN,2012-11-17T06:00:00+00:00,2012-11-19T12:00:00+00:00,2,False,0,2,PRE_INSAT3D
NIO_2012_ECEMBER,ECEMBER,2012,TRAIN,2012-12-22T09:00:00+00:00,2012-12-25T00:00:00+00:00,1,False,0,1,PRE_INSAT3D
NIO_2013_VIYARU,VIYARU,2013,TRAIN,2013-05-10T09:00:00+00:00,2013-05-15T06:00:00+00:00,21,False,0,21,PRE_INSAT3D
NIO_2013_UNNAMED_2_2_1,NIO_2013_UNNAMED_2_2_1,2013,TRAIN,2013-05-29T03:00:00+00:00,2013-05-31T09:00:00+00:00,2,False,0,2,PRE_INSAT3D
NIO_2013_UNNAMED_2_3_1,NIO_2013_UNNAMED_2_3_1,2013,TRAIN,2013-07-30T03:00:00+00:00,2013-08-01T00:00:00+00:00,0,False,0,0,NO_GRID_SAMPLES
NIO_2013_IGHA,IGHA,2013,TRAIN,2013-08-20T00:00:00+00:00,2013-08-20T03:00:00+00:00,0,False,0,0,NO_GRID_SAMPLES
NIO_2013_PHAILIN,PHAILIN,2013,TRAIN,2013-10-08T03:00:00+00:00,2013-10-13T00:00:00+00:00,20,False,0,20,PRE_INSAT3D
NIO_2013_UNNAMED_2_6_1,NIO_2013_UNNAMED_2_6_1,2013,TRAIN,2013-11-08T06:00:00+00:00,2013-11-11T06:00:00+00:00,5,False,0,5,PRE_INSAT3D
NIO_2013_UNNAMED_2_8_1,NIO_2013_UNNAMED_2_8_1,2013,TRAIN,2013-11-19T00:00:00+00:00,2013-11-22T18:00:00+00:00,12,False,0,12,PRE_INSAT3D
NIO_2013_LEHAR,LEHAR,2013,TRAIN,2013-11-23T12:00:00+00:00,2013-11-28T03:00:00+00:00,20,False,0,20,PRE_INSAT3D
NIO_2013_MADI,MADI,2013,TRAIN,2013-12-06T03:00:00+00:00,2013-12-10T12:00:00+00:00,16,False,0,16,PRE_INSAT3D
NIO_2014_ARE,ARE,2014,TRAIN,2014-01-04T03:00:00+00:00,2014-05-23T00:00:00+00:00,0,True,0,0,NO_GRID_SAMPLES
NIO_2014_UNNAMED_2_3_1,NIO_2014_UNNAMED_2_3_1,2014,TRAIN,2014-06-10T09:00:00+00:00,2014-06-14T00:00:00+00:00,9,True,11,0,COVERED_INSAT3D
NIO_2014_UNNAMED_02,NIO_2014_UNNAMED_02,2014,TRAIN,2014-07-21T03:00:00+00:00,2014-07-22T00:00:00+00:00,0,True,0,0,NO_GRID_SAMPLES
NIO_2014_UNNAMED_03,NIO_2014_UNNAMED_03,2014,TRAIN,2014-08-03T12:00:00+00:00,2014-08-07T00:00:00+00:00,7,True,8,0,COVERED_INSAT3D
NIO_2014_HUDHUD,HUDHUD,2014,TRAIN,2014-10-07T03:00:00+00:00,2014-10-08T03:00:00+00:00,0,True,0,0,NO_GRID_SAMPLES
NIO_2014_NILOFAR,NILOFAR,2014,TRAIN,2014-10-25T00:00:00+00:00,2014-10-28T00:00:00+00:00,5,True,6,0,COVERED_INSAT3D
NIO_2014_UNNAMED_04,NIO_2014_UNNAMED_04,2014,TRAIN,2014-11-05T09:00:00+00:00,2014-11-08T00:00:00+00:00,3,True,3,0,COVERED_INSAT3D
NIO_2015_ASHOBAA,ASHOBAA,2015,TRAIN,2015-06-07T03:00:00+00:00,2015-06-08T00:00:00+00:00,0,True,0,0,NO_GRID_SAMPLES
NIO_2015_UNNAMED_2_2_1,NIO_2015_UNNAMED_2_2_1,2015,TRAIN,2015-06-20T03:00:00+00:00,2015-06-21T18:00:00+00:00,0,True,0,0,NO_GRID_SAMPLES
NIO_2015_UNNAMED_2_3_1,NIO_2015_UNNAMED_2_3_1,2015,TRAIN,2015-06-22T03:00:00+00:00,2015-06-24T18:00:00+00:00,3,True,3,0,COVERED_INSAT3D
NIO_2015_UNNAMED_2_4_1,NIO_2015_UNNAMED_2_4_1,2015,TRAIN,2015-07-10T03:00:00+00:00,2015-07-12T09:00:00+00:00,3,True,3,0,COVERED_INSAT3D
NIO_2015_KOMEN,KOMEN,2015,TRAIN,2015-07-26T00:00:00+00:00,2015-07-31T00:00:00+00:00,13,True,16,0,COVERED_INSAT3D
NIO_2015_UNNAMED_2_5_1,NIO_2015_UNNAMED_2_5_1,2015,TRAIN,2015-07-27T12:00:00+00:00,2015-07-29T06:00:00+00:00,0,True,13,0,COVERED_INSAT3D
NIO_2015_UNNAMED_2_7_1,NIO_2015_UNNAMED_2_7_1,2015,TRAIN,2015-08-04T03:00:00+00:00,2015-08-04T18:00:00+00:00,0,True,0,0,NO_GRID_SAMPLES
NIO_2015_UNNAMED_2_8_1,NIO_2015_UNNAMED_2_8_1,2015,TRAIN,2015-09-16T03:00:00+00:00,2015-09-19T00:00:00+00:00,8,True,8,0,COVERED_INSAT3D
NIO_2015_UNNAMED_2_9_1,NIO_2015_UNNAMED_2_9_1,2015,TRAIN,2015-10-09T00:00:00+00:00,2015-10-12T00:00:00+00:00,5,True,6,0,COVERED_INSAT3D
NIO_2015_CHAPALA,CHAPALA,2015,TRAIN,2015-10-28T03:00:00+00:00,2015-11-01T06:00:00+00:00,14,True,14,0,COVERED_INSAT3D
NIO_2015_MEGH,MEGH,2015,TRAIN,2015-11-05T00:00:00+00:00,2015-11-08T18:00:00+00:00,14,True,14,0,COVERED_INSAT3D
NIO_2015_UNNAMED_2_12_1,NIO_2015_UNNAMED_2_12_1,2015,TRAIN,2015-11-08T03:00:00+00:00,2015-11-10T03:00:00+00:00,0,True,0,0,NO_GRID_SAMPLES
NIO_2016_UNNAMED_2_1_1,NIO_2016_UNNAMED_2_1_1,2016,TRAIN,2016-05-17T03:00:00+00:00,2016-05-18T18:00:00+00:00,0,True,0,0,NO_GRID_SAMPLES
NIO_2016_UNNAMED_2_2_1,NIO_2016_UNNAMED_2_2_1,2016,TRAIN,2016-06-27T09:00:00+00:00,2016-06-29T00:00:00+00:00,0,True,0,0,NO_GRID_SAMPLES
NIO_2016_UNNAMED_2_3_1,NIO_2016_UNNAMED_2_3_1,2016,TRAIN,2016-07-06T03:00:00+00:00,2016-07-07T00:00:00+00:00,0,True,0,0,NO_GRID_SAMPLES
NIO_2016_UNNAMED_2_4_1,NIO_2016_UNNAMED_2_4_1,2016,TRAIN,2016-08-09T09:00:00+00:00,2016-08-12T18:00:00+00:00,6,True,7,0,COVERED_INSAT3D
NIO_2016_UNNAMED_2_5_1,NIO_2016_UNNAMED_2_5_1,2016,TRAIN,2016-08-16T12:00:00+00:00,2016-08-20T18:00:00+00:00,10,True,12,0,COVERED_INSAT3D
NIO_2016_KYANT,KYANT,2016,TRAIN,2016-10-21T00:00:00+00:00,2016-10-27T03:00:00+00:00,6,True,6,0,COVERED_INSAT3D
NIO_2016_UNNAMED_2_7_1,NIO_2016_UNNAMED_2_7_1,2016,TRAIN,2016-11-02T15:00:00+00:00,2016-11-06T03:00:00+00:00,1,True,1,0,COVERED_INSAT3D
NIO_2016_UNNAMED_2_8_1,NIO_2016_UNNAMED_2_8_1,2016,TRAIN,2016-11-29T12:00:00+00:00,2016-12-01T21:00:00+00:00,2,True,2,0,COVERED_INSAT3D
NIO_2016_VARDAH,VARDAH,2016,TRAIN,2016-12-06T09:00:00+00:00,2016-12-08T06:00:00+00:00,0,True,0,0,NO_GRID_SAMPLES
NIO_2016_UNNAMED_2_10_1,NIO_2016_UNNAMED_2_10_1,2016,TRAIN,2016-12-17T03:00:00+00:00,2016-12-18T03:00:00+00:00,0,True,0,0,NO_GRID_SAMPLES
NIO_2017_MAARUTHA,MAARUTHA,2017,TRAIN,2017-04-15T00:00:00+00:00,2017-04-16T06:00:00+00:00,0,True,0,0,NO_GRID_SAMPLES
NIO_2017_MORA,MORA,2017,TRAIN,2017-05-28T00:00:00+00:00,2017-05-30T18:00:00+00:00,6,True,7,0,COVERED_INSAT3D
NIO_2017_UNNAMED_2_3_1,NIO_2017_UNNAMED_2_3_1,2017,TRAIN,2017-06-11T12:00:00+00:00,2017-06-12T18:00:00+00:00,0,True,0,0,NO_GRID_SAMPLES
NIO_2017_UNNAMED_2_4_1,NIO_2017_UNNAMED_2_4_1,2017,TRAIN,2017-07-18T00:00:00+00:00,2017-07-19T00:00:00+00:00,0,True,0,0,NO_GRID_SAMPLES
NIO_2017_UNNAMED_2_6_1,NIO_2017_UNNAMED_2_6_1,2017,TRAIN,2017-10-09T00:00:00+00:00,2017-10-10T06:00:00+00:00,0,True,0,0,NO_GRID_SAMPLES
NIO_2017_UNNAMED_2_7_1,NIO_2017_UNNAMED_2_7_1,2017,TRAIN,2017-10-19T00:00:00+00:00,2017-10-19T18:00:00+00:00,0,True,0,0,NO_GRID_SAMPLES
NIO_2017_UNNAMED_2_8_1,NIO_2017_UNNAMED_2_8_1,2017,TRAIN,2017-11-15T03:00:00+00:00,2017-11-17T03:00:00+00:00,0,True,0,0,NO_GRID_SAMPLES
NIO_2017_OCKHI,OCKHI,2017,TRAIN,2017-11-29T03:00:00+00:00,2017-12-01T18:00:00+00:00,3,True,3,0,COVERED_INSAT3D
NIO_2017_UNNAMED_2_10_1,NIO_2017_UNNAMED_2_10_1,2017,TRAIN,2017-12-06T03:00:00+00:00,2017-12-09T06:00:00+00:00,5,True,6,0,COVERED_INSAT3D
NIO_2018_UNNAMED_2_1_1,NIO_2018_UNNAMED_2_1_1,2018,TRAIN,2018-03-13T03:00:00+00:00,2018-03-14T18:00:00+00:00,0,True,0,0,NO_GRID_SAMPLES
NIO_2018_MEKUNU,MEKUNU,2018,TRAIN,2018-05-21T12:00:00+00:00,2018-05-27T00:00:00+00:00,25,True,26,0,COVERED_INSAT3D
NIO_2018_UNNAMED_2_4_1,NIO_2018_UNNAMED_2_4_1,2018,TRAIN,2018-05-29T06:00:00+00:00,2018-05-30T03:00:00+00:00,0,True,0,0,NO_GRID_SAMPLES
NIO_2018_UNNAMED_2_5_1,NIO_2018_UNNAMED_2_5_1,2018,TRAIN,2018-06-10T06:00:00+00:00,2018-06-10T12:00:00+00:00,0,True,0,0,NO_GRID_SAMPLES
NIO_2018_UNNAMED_2_6_1,NIO_2018_UNNAMED_2_6_1,2018,TRAIN,2018-07-21T03:00:00+00:00,2018-07-23T00:00:00+00:00,0,True,0,0,NO_GRID_SAMPLES
NIO_2018_UNNAMED_2_7_1,NIO_2018_UNNAMED_2_7_1,2018,TRAIN,2018-08-07T09:00:00+00:00,2018-08-08T00:00:00+00:00,0,True,0,0,NO_GRID_SAMPLES
NIO_2018_UNNAMED_2_8_1,NIO_2018_UNNAMED_2_8_1,2018,TRAIN,2018-08-15T03:00:00+00:00,2018-08-17T00:00:00+00:00,0,True,0,0,NO_GRID_SAMPLES
NIO_2018_DAYE,DAYE,2018,TRAIN,2018-09-19T15:00:00+00:00,2018-09-22T06:00:00+00:00,4,True,4,0,COVERED_INSAT3D
NIO_2018_LUBAN,LUBAN,2018,TRAIN,2018-10-06T09:00:00+00:00,2018-10-10T21:00:00+00:00,14,True,16,0,COVERED_INSAT3D
NIO_2018_TITLI,TITLI,2018,TRAIN,2018-10-08T03:00:00+00:00,2018-10-10T21:00:00+00:00,3,True,4,0,COVERED_INSAT3D
NIO_2018_VISAKHAPATNAM,VISAKHAPATNAM,2018,TRAIN,2018-12-13T00:00:00+00:00,2018-12-16T06:00:00+00:00,6,True,8,0,COVERED_INSAT3D
NIO_2019_PABUK,PABUK,2019,VALIDATION,2019-01-04T12:00:00+00:00,2019-01-07T18:00:00+00:00,7,True,7,0,COVERED_INSAT3D
NIO_2019_FANI,FANI,2019,VALIDATION,2019-04-26T03:00:00+00:00,2019-05-04T12:00:00+00:00,47,True,47,0,COVERED_INSAT3D
NIO_2019_VAYU,VAYU,2019,VALIDATION,2019-06-10T00:00:00+00:00,2019-06-17T12:00:00+00:00,42,True,42,0,COVERED_INSAT3D
NIO_2019_UNNAMED_2_4_1,NIO_2019_UNNAMED_2_4_1,2019,VALIDATION,2019-08-06T03:00:00+00:00,2019-08-09T06:00:00+00:00,5,True,5,0,COVERED_INSAT3D
NIO_2019_HIKAA,HIKAA,2019,VALIDATION,2019-09-22T03:00:00+00:00,2019-09-25T06:00:00+00:00,6,True,6,0,COVERED_INSAT3D
NIO_2019_UNNAMED_2_6_1,NIO_2019_UNNAMED_2_6_1,2019,VALIDATION,2019-09-29T12:00:00+00:00,2019-10-01T00:00:00+00:00,0,True,0,0,NO_GRID_SAMPLES
NIO_2019_KYARR,KYARR,2019,VALIDATION,2019-10-24T03:00:00+00:00,2019-11-02T15:00:00+00:00,57,True,57,0,COVERED_INSAT3D
NIO_2019_UNNAMED_2_9_1,NIO_2019_UNNAMED_2_9_1,2019,VALIDATION,2019-11-05T00:00:00+00:00,2019-11-10T09:00:00+00:00,20,True,20,0,COVERED_INSAT3D
NIO_2019_PAWAN,PAWAN,2019,VALIDATION,2019-12-02T12:00:00+00:00,2019-12-07T09:00:00+00:00,14,True,14,0,COVERED_INSAT3D
NIO_2019_UNNAMED_2_12_1,NIO_2019_UNNAMED_2_12_1,2019,VALIDATION,2019-12-08T09:00:00+00:00,2019-12-10T03:00:00+00:00,0,True,0,0,NO_GRID_SAMPLES
NIO_2020_AMPHAN,AMPHAN,2020,VALIDATION,2020-05-16T00:00:00+00:00,2020-05-20T09:00:00+00:00,20,True,20,0,COVERED_INSAT3D
NIO_2020_UNNAMED_01,NIO_2020_UNNAMED_01,2020,VALIDATION,2020-05-29T09:00:00+00:00,2020-05-31T18:00:00+00:00,2,True,2,0,COVERED_INSAT3D
NIO_2020_NISARGA,NISARGA,2020,VALIDATION,2020-06-01T00:00:00+00:00,2020-06-03T06:00:00+00:00,2,True,2,0,COVERED_INSAT3D
NIO_2020_UNNAMED_2_5_1,NIO_2020_UNNAMED_2_5_1,2020,VALIDATION,2020-10-11T00:00:00+00:00,2020-10-12T03:00:00+00:00,0,True,0,0,NO_GRID_SAMPLES
NIO_2020_UNNAMED_2_6_1,NIO_2020_UNNAMED_2_6_1,2020,VALIDATION,2020-10-17T03:00:00+00:00,2020-10-18T18:00:00+00:00,0,True,0,0,NO_GRID_SAMPLES
NIO_2020_UNNAMED_2_7_1,NIO_2020_UNNAMED_2_7_1,2020,VALIDATION,2020-10-22T03:00:00+00:00,2020-10-23T18:00:00+00:00,0,True,0,0,NO_GRID_SAMPLES
NIO_2020_GATI,GATI,2020,VALIDATION,2020-11-21T12:00:00+00:00,2020-11-24T03:00:00+00:00,2,True,2,0,COVERED_INSAT3D
NIO_2020_NIVAR,NIVAR,2020,VALIDATION,2020-11-22T21:00:00+00:00,2020-11-26T18:00:00+00:00,10,True,10,0,COVERED_INSAT3D
NIO_2020_BUREVI,BUREVI,2020,VALIDATION,2020-11-30T00:00:00+00:00,2020-12-05T03:00:00+00:00,18,True,18,0,COVERED_INSAT3D
NIO_2021_UNNAMED_02,NIO_2021_UNNAMED_02,2021,TEST,2021-04-02T00:00:00+00:00,2021-04-03T03:00:00+00:00,0,True,0,0,NO_GRID_SAMPLES
NIO_2021_TAUKTAE,TAUKTAE,2021,TEST,2021-05-14T03:00:00+00:00,2021-05-19T06:00:00+00:00,23,True,23,0,COVERED_INSAT3D
NIO_2021_YAAS,YAAS,2021,TEST,2021-05-23T06:00:00+00:00,2021-05-27T18:00:00+00:00,15,True,15,0,COVERED_INSAT3D
NIO_2021_UNNAMED_2_5_1,NIO_2021_UNNAMED_2_5_1,2021,TEST,2021-09-12T12:00:00+00:00,2021-09-14T18:00:00+00:00,2,True,2,0,COVERED_INSAT3D
NIO_2021_GULAB,GULAB,2021,TEST,2021-09-24T12:00:00+00:00,2021-09-28T03:00:00+00:00,9,True,9,0,COVERED_INSAT3D
NIO_2021_SHAHEEN,SHAHEEN,2021,TEST,2021-09-30T00:00:00+00:00,2021-10-04T06:00:00+00:00,15,True,15,0,COVERED_INSAT3D
NIO_2021_UNNAMED_2_8_1,NIO_2021_UNNAMED_2_8_1,2021,TEST,2021-11-07T03:00:00+00:00,2021-11-08T18:00:00+00:00,0,True,0,0,NO_GRID_SAMPLES
NIO_2021_UNNAMED_2_9_1,NIO_2021_UNNAMED_2_9_1,2021,TEST,2021-11-10T12:00:00+00:00,2021-11-11T18:00:00+00:00,0,True,0,0,NO_GRID_SAMPLES
NIO_2021_UNNAMED_2_10_1,NIO_2021_UNNAMED_2_10_1,2021,TEST,2021-11-19T00:00:00+00:00,2021-11-19T03:00:00+00:00,0,True,0,0,NO_GRID_SAMPLES
NIO_2021_JAWAD,JAWAD,2021,TEST,2021-12-02T12:00:00+00:00,2021-12-05T18:00:00+00:00,7,True,7,0,COVERED_INSAT3D
NIO_2022_UNNAMED_2_2_1,NIO_2022_UNNAMED_2_2_1,2022,TEST,2022-03-03T00:00:00+00:00,2022-03-06T00:00:00+00:00,5,True,5,0,COVERED_INSAT3D
NIO_2022_UNNAMED_01,NIO_2022_UNNAMED_01,2022,TEST,2022-03-20T00:00:00+00:00,2022-03-22T18:00:00+00:00,3,True,3,0,COVERED_INSAT3D
NIO_2022_ASANI,ASANI,2022,TEST,2022-05-07T06:00:00+00:00,2022-05-12T00:00:00+00:00,19,True,19,0,COVERED_INSAT3D
NIO_2022_EPR,EPR,2022,TEST,2022-07-16T03:00:00+00:00,2022-07-17T18:00:00+00:00,0,True,0,0,NO_GRID_SAMPLES
NIO_2022_UNNAMED_2_7_1,NIO_2022_UNNAMED_2_7_1,2022,TEST,2022-08-09T03:00:00+00:00,2022-08-09T18:00:00+00:00,0,True,0,0,NO_GRID_SAMPLES
NIO_2022_UNNAMED_2_8_1,NIO_2022_UNNAMED_2_8_1,2022,TEST,2022-08-12T03:00:00+00:00,2022-08-13T06:00:00+00:00,0,True,0,0,NO_GRID_SAMPLES
NIO_2022_UNNAMED_2_9_1,NIO_2022_UNNAMED_2_9_1,2022,TEST,2022-08-14T03:00:00+00:00,2022-08-16T06:00:00+00:00,1,True,1,0,COVERED_INSAT3D
NIO_2022_NO,NO,2022,TEST,2022-08-19T00:00:00+00:00,2022-08-23T00:00:00+00:00,8,True,8,0,COVERED_INSAT3D
NIO_2022_EPRESSION,EPRESSION,2022,TEST,2022-09-11T00:00:00+00:00,2022-09-12T00:00:00+00:00,0,True,0,0,NO_GRID_SAMPLES
NIO_2022_SITRANG,SITRANG,2022,TEST,2022-10-22T03:00:00+00:00,2022-10-25T00:00:00+00:00,4,True,4,0,COVERED_INSAT3D
NIO_2022_UNNAMED_2_13_1,NIO_2022_UNNAMED_2_13_1,2022,TEST,2022-11-20T00:00:00+00:00,2022-11-22T00:00:00+00:00,1,True,1,0,COVERED_INSAT3D
NIO_2022_MANDOUS,MANDOUS,2022,TEST,2022-12-06T12:00:00+00:00,2022-12-10T06:00:00+00:00,10,True,10,0,COVERED_INSAT3D
NIO_2022_UNNAMED_2_15_1,NIO_2022_UNNAMED_2_15_1,2022,TEST,2022-12-14T09:00:00+00:00,2022-12-17T06:00:00+00:00,4,True,4,0,COVERED_INSAT3D
NIO_2022_UNNAMED_2_16_1,NIO_2022_UNNAMED_2_16_1,2022,TEST,2022-12-22T03:00:00+00:00,2022-12-25T06:00:00+00:00,5,True,5,0,COVERED_INSAT3D
NIO_2023_UNNAMED_2_2_1,NIO_2023_UNNAMED_2_2_1,2023,TEST,2023-01-30T03:00:00+00:00,2023-02-02T12:00:00+00:00,6,True,6,0,COVERED_INSAT3D
NIO_2023_MOCHA,MOCHA,2023,TEST,2023-05-09T12:00:00+00:00,2023-05-15T00:00:00+00:00,20,True,20,0,COVERED_INSAT3D
NIO_2023_BIPARJOY,BIPARJOY,2023,TEST,2023-06-06T00:00:00+00:00,2023-06-19T00:00:00+00:00,81,True,81,0,COVERED_INSAT3D
NIO_2023_UNNAMED_2_6_1,NIO_2023_UNNAMED_2_6_1,2023,TEST,2023-09-30T03:00:00+00:00,2023-10-01T00:00:00+00:00,0,True,0,0,NO_GRID_SAMPLES
NIO_2023_TEJ,TEJ,2023,TEST,2023-10-20T03:00:00+00:00,2023-10-24T12:00:00+00:00,16,True,16,0,COVERED_INSAT3D
NIO_2023_HAMOON,HAMOON,2023,TEST,2023-10-21T21:00:00+00:00,2023-10-25T21:00:00+00:00,11,True,11,0,COVERED_INSAT3D
NIO_2023_MIDHILI,MIDHILI,2023,TEST,2023-11-15T03:00:00+00:00,2023-11-18T00:00:00+00:00,4,True,4,0,COVERED_INSAT3D
NIO_2023_MICHAUNG,MICHAUNG,2023,TEST,2023-12-01T00:00:00+00:00,2023-12-06T00:00:00+00:00,16,True,16,0,COVERED_INSAT3D
NIO_2024_REMAL,REMAL,2024,TEST,2024-05-24T00:00:00+00:00,2024-05-28T06:00:00+00:00,13,True,13,0,COVERED_INSAT3D
NIO_2024_UNNAMED_2_3_1,NIO_2024_UNNAMED_2_3_1,2024,TEST,2024-07-19T03:00:00+00:00,2024-07-20T06:00:00+00:00,0,False,0,0,POST_INSAT3D_RETIRED
NIO_2024_UNNAMED_2_4_1,NIO_2024_UNNAMED_2_4_1,2024,TEST,2024-08-02T12:00:00+00:00,2024-08-05T18:00:00+00:00,6,False,0,6,POST_INSAT3D_RETIRED
NIO_2024_ASNA,ASNA,2024,TEST,2024-08-25T00:00:00+00:00,2024-09-02T03:00:00+00:00,28,False,0,28,POST_INSAT3D_RETIRED
NIO_2024_LAT,LAT,2024,TEST,2024-08-31T00:00:00+00:00,2024-10-15T12:00:00+00:00,3,False,0,3,POST_INSAT3D_RETIRED
NIO_2024_UNNAMED_2_7_1,NIO_2024_UNNAMED_2_7_1,2024,TEST,2024-09-08T00:00:00+00:00,2024-09-10T06:00:00+00:00,2,False,0,2,POST_INSAT3D_RETIRED
NIO_2024_NO,NO,2024,TEST,2024-09-13T12:00:00+00:00,2024-09-17T18:00:00+00:00,10,False,0,10,POST_INSAT3D_RETIRED
NIO_2024_DANA,DANA,2024,TEST,2024-10-22T00:00:00+00:00,2024-10-24T18:00:00+00:00,4,False,0,4,POST_INSAT3D_RETIRED
NIO_2024_FENGAL,FENGAL,2024,TEST,2024-11-25T03:00:00+00:00,2024-12-01T18:00:00+00:00,20,False,0,20,POST_INSAT3D_RETIRED
