sample_id,storm_id,timestamp,field,sample_index_value,imd_v2_value,raw_source_value,source_file,source_page,source_table,source_row,classification,reason,recommended_action,resolution_status,resolved_sample_index_value
NIO_2007_UNNAMED_2_3_1_20070604_1500Z,NIO_2007_UNNAMED_2_3_1,2007-06-04T15:00:00+00:00,imd_category_t0,SUCS,SUCS,SUCS,27_82fddf_rsmc-2007.pdf,32,Table 2.3.1,23,CASING_INCONSISTENCY,Uppercase SUCS in source table instead of title-case SuCS.,Normalize SUCS to canonical schema SuCS.,RESOLVED_BY_SOURCE_CORRECTION,SuCS
NIO_2007_UNNAMED_2_3_1_20070604_1800Z,NIO_2007_UNNAMED_2_3_1,2007-06-04T18:00:00+00:00,imd_category_t0,SUCS,SUCS,SUCS,27_82fddf_rsmc-2007.pdf,32,Table 2.3.1,24,CASING_INCONSISTENCY,Uppercase SUCS in source table instead of title-case SuCS.,Normalize SUCS to canonical schema SuCS.,RESOLVED_BY_SOURCE_CORRECTION,SuCS
NIO_2018_MEKUNU_20180522_0600Z,NIO_2018_MEKUNU,2018-05-22T06:00:00+00:00,imd_category_t0,6,6,6,27_60dae9_rsmc-2018.pdf,70,Table 2.3.1,1,EXTRACTION_COLUMN_SHIFT,Table continuation on p.70 detected with 10 cols instead of 9; pressure drop shifted into grade column.,Re-extract p.70 with corrected column alignment or map grade from column 9.,RESOLVED_BY_SOURCE_CORRECTION,DD
NIO_2018_MEKUNU_20180522_1200Z,NIO_2018_MEKUNU,2018-05-22T12:00:00+00:00,imd_category_t0,7,7,7,27_60dae9_rsmc-2018.pdf,70,Table 2.3.1,2,EXTRACTION_COLUMN_SHIFT,Table continuation on p.70 detected with 10 cols instead of 9; pressure drop shifted into grade column.,Re-extract p.70 with corrected column alignment or map grade from column 9.,RESOLVED_BY_SOURCE_CORRECTION,CS
NIO_2018_MEKUNU_20180522_1500Z,NIO_2018_MEKUNU,2018-05-22T15:00:00+00:00,imd_category_t0,7,7,7,27_60dae9_rsmc-2018.pdf,70,Table 2.3.1,3,EXTRACTION_COLUMN_SHIFT,Table continuation on p.70 detected with 10 cols instead of 9; pressure drop shifted into grade column.,Re-extract p.70 with corrected column alignment or map grade from column 9.,RESOLVED_BY_SOURCE_CORRECTION,CS
NIO_2018_MEKUNU_20180522_1800Z,NIO_2018_MEKUNU,2018-05-22T18:00:00+00:00,imd_category_t0,8,8,8,27_60dae9_rsmc-2018.pdf,70,Table 2.3.1,4,EXTRACTION_COLUMN_SHIFT,Table continuation on p.70 detected with 10 cols instead of 9; pressure drop shifted into grade column.,Re-extract p.70 with corrected column alignment or map grade from column 9.,RESOLVED_BY_SOURCE_CORRECTION,CS
NIO_2018_MEKUNU_20180522_2100Z,NIO_2018_MEKUNU,2018-05-22T21:00:00+00:00,imd_category_t0,9,9,9,27_60dae9_rsmc-2018.pdf,70,Table 2.3.1,5,EXTRACTION_COLUMN_SHIFT,Table continuation on p.70 detected with 10 cols instead of 9; pressure drop shifted into grade column.,Re-extract p.70 with corrected column alignment or map grade from column 9.,RESOLVED_BY_SOURCE_CORRECTION,CS
NIO_2018_MEKUNU_20180523_0000Z,NIO_2018_MEKUNU,2018-05-23T00:00:00+00:00,imd_category_t0,10,10,10,27_60dae9_rsmc-2018.pdf,70,Table 2.3.1,6,EXTRACTION_COLUMN_SHIFT,Table continuation on p.70 detected with 10 cols instead of 9; pressure drop shifted into grade column.,Re-extract p.70 with corrected column alignment or map grade from column 9.,RESOLVED_BY_SOURCE_CORRECTION,CS
NIO_2018_MEKUNU_20180523_0300Z,NIO_2018_MEKUNU,2018-05-23T03:00:00+00:00,imd_category_t0,15,15,15,27_60dae9_rsmc-2018.pdf,70,Table 2.3.1,7,EXTRACTION_COLUMN_SHIFT,Table continuation on p.70 detected with 10 cols instead of 9; pressure drop shifted into grade column.,Re-extract p.70 with corrected column alignment or map grade from column 9.,RESOLVED_BY_SOURCE_CORRECTION,SCS
NIO_2018_MEKUNU_20180523_0600Z,NIO_2018_MEKUNU,2018-05-23T06:00:00+00:00,imd_category_t0,18,18,18,27_60dae9_rsmc-2018.pdf,70,Table 2.3.1,8,EXTRACTION_COLUMN_SHIFT,Table continuation on p.70 detected with 10 cols instead of 9; pressure drop shifted into grade column.,Re-extract p.70 with corrected column alignment or map grade from column 9.,RESOLVED_BY_SOURCE_CORRECTION,SCS
NIO_2018_MEKUNU_20180523_0900Z,NIO_2018_MEKUNU,2018-05-23T09:00:00+00:00,imd_category_t0,20,20,20,27_60dae9_rsmc-2018.pdf,70,Table 2.3.1,9,EXTRACTION_COLUMN_SHIFT,Table continuation on p.70 detected with 10 cols instead of 9; pressure drop shifted into grade column.,Re-extract p.70 with corrected column alignment or map grade from column 9.,RESOLVED_BY_SOURCE_CORRECTION,VSCS
NIO_2018_MEKUNU_20180523_1200Z,NIO_2018_MEKUNU,2018-05-23T12:00:00+00:00,imd_category_t0,22,22,22,27_60dae9_rsmc-2018.pdf,70,Table 2.3.1,10,EXTRACTION_COLUMN_SHIFT,Table continuation on p.70 detected with 10 cols instead of 9; pressure drop shifted into grade column.,Re-extract p.70 with corrected column alignment or map grade from column 9.,RESOLVED_BY_SOURCE_CORRECTION,VSCS
NIO_2018_MEKUNU_20180523_1500Z,NIO_2018_MEKUNU,2018-05-23T15:00:00+00:00,imd_category_t0,24,24,24,27_60dae9_rsmc-2018.pdf,70,Table 2.3.1,11,EXTRACTION_COLUMN_SHIFT,Table continuation on p.70 detected with 10 cols instead of 9; pressure drop shifted into grade column.,Re-extract p.70 with corrected column alignment or map grade from column 9.,RESOLVED_BY_SOURCE_CORRECTION,VSCS
NIO_2018_MEKUNU_20180523_1800Z,NIO_2018_MEKUNU,2018-05-23T18:00:00+00:00,imd_category_t0,24,24,24,27_60dae9_rsmc-2018.pdf,70,Table 2.3.1,12,EXTRACTION_COLUMN_SHIFT,Table continuation on p.70 detected with 10 cols instead of 9; pressure drop shifted into grade column.,Re-extract p.70 with corrected column alignment or map grade from column 9.,RESOLVED_BY_SOURCE_CORRECTION,VSCS
NIO_2018_MEKUNU_20180523_2100Z,NIO_2018_MEKUNU,2018-05-23T21:00:00+00:00,imd_category_t0,24,24,24,27_60dae9_rsmc-2018.pdf,70,Table 2.3.1,13,EXTRACTION_COLUMN_SHIFT,Table continuation on p.70 detected with 10 cols instead of 9; pressure drop shifted into grade column.,Re-extract p.70 with corrected column alignment or map grade from column 9.,RESOLVED_BY_SOURCE_CORRECTION,VSCS
NIO_2018_MEKUNU_20180524_0000Z,NIO_2018_MEKUNU,2018-05-24T00:00:00+00:00,imd_category_t0,24,24,24,27_60dae9_rsmc-2018.pdf,70,Table 2.3.1,14,EXTRACTION_COLUMN_SHIFT,Table continuation on p.70 detected with 10 cols instead of 9; pressure drop shifted into grade column.,Re-extract p.70 with corrected column alignment or map grade from column 9.,RESOLVED_BY_SOURCE_CORRECTION,VSCS
NIO_2018_MEKUNU_20180524_0300Z,NIO_2018_MEKUNU,2018-05-24T03:00:00+00:00,imd_category_t0,28,28,28,27_60dae9_rsmc-2018.pdf,70,Table 2.3.1,15,EXTRACTION_COLUMN_SHIFT,Table continuation on p.70 detected with 10 cols instead of 9; pressure drop shifted into grade column.,Re-extract p.70 with corrected column alignment or map grade from column 9.,RESOLVED_BY_SOURCE_CORRECTION,VSCS
NIO_2018_MEKUNU_20180524_0600Z,NIO_2018_MEKUNU,2018-05-24T06:00:00+00:00,imd_category_t0,32,32,32,27_60dae9_rsmc-2018.pdf,70,Table 2.3.1,16,EXTRACTION_COLUMN_SHIFT,Table continuation on p.70 detected with 10 cols instead of 9; pressure drop shifted into grade column.,Re-extract p.70 with corrected column alignment or map grade from column 9.,RESOLVED_BY_SOURCE_CORRECTION,VSCS
NIO_2018_MEKUNU_20180524_0900Z,NIO_2018_MEKUNU,2018-05-24T09:00:00+00:00,imd_category_t0,32,32,32,27_60dae9_rsmc-2018.pdf,70,Table 2.3.1,17,EXTRACTION_COLUMN_SHIFT,Table continuation on p.70 detected with 10 cols instead of 9; pressure drop shifted into grade column.,Re-extract p.70 with corrected column alignment or map grade from column 9.,RESOLVED_BY_SOURCE_CORRECTION,VSCS
NIO_2018_MEKUNU_20180524_1200Z,NIO_2018_MEKUNU,2018-05-24T12:00:00+00:00,imd_category_t0,32,32,32,27_60dae9_rsmc-2018.pdf,70,Table 2.3.1,18,EXTRACTION_COLUMN_SHIFT,Table continuation on p.70 detected with 10 cols instead of 9; pressure drop shifted into grade column.,Re-extract p.70 with corrected column alignment or map grade from column 9.,RESOLVED_BY_SOURCE_CORRECTION,VSCS
NIO_2018_MEKUNU_20180524_1500Z,NIO_2018_MEKUNU,2018-05-24T15:00:00+00:00,imd_category_t0,32,32,32,27_60dae9_rsmc-2018.pdf,70,Table 2.3.1,19,EXTRACTION_COLUMN_SHIFT,Table continuation on p.70 detected with 10 cols instead of 9; pressure drop shifted into grade column.,Re-extract p.70 with corrected column alignment or map grade from column 9.,RESOLVED_BY_SOURCE_CORRECTION,VSCS
NIO_2018_MEKUNU_20180524_1800Z,NIO_2018_MEKUNU,2018-05-24T18:00:00+00:00,imd_category_t0,32,32,32,27_60dae9_rsmc-2018.pdf,70,Table 2.3.1,20,EXTRACTION_COLUMN_SHIFT,Table continuation on p.70 detected with 10 cols instead of 9; pressure drop shifted into grade column.,Re-extract p.70 with corrected column alignment or map grade from column 9.,RESOLVED_BY_SOURCE_CORRECTION,VSCS
NIO_2018_MEKUNU_20180525_0000Z,NIO_2018_MEKUNU,2018-05-25T00:00:00+00:00,imd_category_t0,36,36,36,27_60dae9_rsmc-2018.pdf,70,Table 2.3.1,22,EXTRACTION_COLUMN_SHIFT,Table continuation on p.70 detected with 10 cols instead of 9; pressure drop shifted into grade column.,Re-extract p.70 with corrected column alignment or map grade from column 9.,RESOLVED_BY_SOURCE_CORRECTION,VSCS
NIO_2007_UNNAMED_2_3_1_20070604_0300Z,NIO_2007_UNNAMED_2_3_1,2007-06-04T15:00:00+00:00,category_12h,SUCS,SUCS,SUCS,27_82fddf_rsmc-2007.pdf,32,Table 2.3.1,23,CASING_INCONSISTENCY,Uppercase SUCS in source table instead of title-case SuCS.,Normalize SUCS to canonical schema SuCS.,RESOLVED_BY_SOURCE_CORRECTION,SuCS
NIO_2007_UNNAMED_2_3_1_20070604_0600Z,NIO_2007_UNNAMED_2_3_1,2007-06-04T18:00:00+00:00,category_12h,SUCS,SUCS,SUCS,27_82fddf_rsmc-2007.pdf,32,Table 2.3.1,24,CASING_INCONSISTENCY,Uppercase SUCS in source table instead of title-case SuCS.,Normalize SUCS to canonical schema SuCS.,RESOLVED_BY_SOURCE_CORRECTION,SuCS
NIO_2018_MEKUNU_20180521_1800Z,NIO_2018_MEKUNU,2018-05-22T06:00:00+00:00,category_12h,6,6,6,27_60dae9_rsmc-2018.pdf,70,Table 2.3.1,1,EXTRACTION_COLUMN_SHIFT,Table continuation on p.70 detected with 10 cols instead of 9; pressure drop shifted into grade column.,Re-extract p.70 with corrected column alignment or map grade from column 9.,RESOLVED_BY_SOURCE_CORRECTION,DD
NIO_2018_MEKUNU_20180522_0000Z,NIO_2018_MEKUNU,2018-05-22T12:00:00+00:00,category_12h,7,7,7,27_60dae9_rsmc-2018.pdf,70,Table 2.3.1,2,EXTRACTION_COLUMN_SHIFT,Table continuation on p.70 detected with 10 cols instead of 9; pressure drop shifted into grade column.,Re-extract p.70 with corrected column alignment or map grade from column 9.,RESOLVED_BY_SOURCE_CORRECTION,CS
NIO_2018_MEKUNU_20180522_0300Z,NIO_2018_MEKUNU,2018-05-22T15:00:00+00:00,category_12h,7,7,7,27_60dae9_rsmc-2018.pdf,70,Table 2.3.1,3,EXTRACTION_COLUMN_SHIFT,Table continuation on p.70 detected with 10 cols instead of 9; pressure drop shifted into grade column.,Re-extract p.70 with corrected column alignment or map grade from column 9.,RESOLVED_BY_SOURCE_CORRECTION,CS
NIO_2018_MEKUNU_20180522_0600Z,NIO_2018_MEKUNU,2018-05-22T18:00:00+00:00,category_12h,8,8,8,27_60dae9_rsmc-2018.pdf,70,Table 2.3.1,4,EXTRACTION_COLUMN_SHIFT,Table continuation on p.70 detected with 10 cols instead of 9; pressure drop shifted into grade column.,Re-extract p.70 with corrected column alignment or map grade from column 9.,RESOLVED_BY_SOURCE_CORRECTION,CS
NIO_2018_MEKUNU_20180522_1200Z,NIO_2018_MEKUNU,2018-05-23T00:00:00+00:00,category_12h,10,10,10,27_60dae9_rsmc-2018.pdf,70,Table 2.3.1,6,EXTRACTION_COLUMN_SHIFT,Table continuation on p.70 detected with 10 cols instead of 9; pressure drop shifted into grade column.,Re-extract p.70 with corrected column alignment or map grade from column 9.,RESOLVED_BY_SOURCE_CORRECTION,CS
NIO_2018_MEKUNU_20180522_1500Z,NIO_2018_MEKUNU,2018-05-23T03:00:00+00:00,category_12h,15,15,15,27_60dae9_rsmc-2018.pdf,70,Table 2.3.1,7,EXTRACTION_COLUMN_SHIFT,Table continuation on p.70 detected with 10 cols instead of 9; pressure drop shifted into grade column.,Re-extract p.70 with corrected column alignment or map grade from column 9.,RESOLVED_BY_SOURCE_CORRECTION,SCS
NIO_2018_MEKUNU_20180522_1800Z,NIO_2018_MEKUNU,2018-05-23T06:00:00+00:00,category_12h,18,18,18,27_60dae9_rsmc-2018.pdf,70,Table 2.3.1,8,EXTRACTION_COLUMN_SHIFT,Table continuation on p.70 detected with 10 cols instead of 9; pressure drop shifted into grade column.,Re-extract p.70 with corrected column alignment or map grade from column 9.,RESOLVED_BY_SOURCE_CORRECTION,SCS
NIO_2018_MEKUNU_20180522_2100Z,NIO_2018_MEKUNU,2018-05-23T09:00:00+00:00,category_12h,20,20,20,27_60dae9_rsmc-2018.pdf,70,Table 2.3.1,9,EXTRACTION_COLUMN_SHIFT,Table continuation on p.70 detected with 10 cols instead of 9; pressure drop shifted into grade column.,Re-extract p.70 with corrected column alignment or map grade from column 9.,RESOLVED_BY_SOURCE_CORRECTION,VSCS
NIO_2018_MEKUNU_20180523_0000Z,NIO_2018_MEKUNU,2018-05-23T12:00:00+00:00,category_12h,22,22,22,27_60dae9_rsmc-2018.pdf,70,Table 2.3.1,10,EXTRACTION_COLUMN_SHIFT,Table continuation on p.70 detected with 10 cols instead of 9; pressure drop shifted into grade column.,Re-extract p.70 with corrected column alignment or map grade from column 9.,RESOLVED_BY_SOURCE_CORRECTION,VSCS
NIO_2018_MEKUNU_20180523_0300Z,NIO_2018_MEKUNU,2018-05-23T15:00:00+00:00,category_12h,24,24,24,27_60dae9_rsmc-2018.pdf,70,Table 2.3.1,11,EXTRACTION_COLUMN_SHIFT,Table continuation on p.70 detected with 10 cols instead of 9; pressure drop shifted into grade column.,Re-extract p.70 with corrected column alignment or map grade from column 9.,RESOLVED_BY_SOURCE_CORRECTION,VSCS
NIO_2018_MEKUNU_20180523_0600Z,NIO_2018_MEKUNU,2018-05-23T18:00:00+00:00,category_12h,24,24,24,27_60dae9_rsmc-2018.pdf,70,Table 2.3.1,12,EXTRACTION_COLUMN_SHIFT,Table continuation on p.70 detected with 10 cols instead of 9; pressure drop shifted into grade column.,Re-extract p.70 with corrected column alignment or map grade from column 9.,RESOLVED_BY_SOURCE_CORRECTION,VSCS
NIO_2018_MEKUNU_20180523_0900Z,NIO_2018_MEKUNU,2018-05-23T21:00:00+00:00,category_12h,24,24,24,27_60dae9_rsmc-2018.pdf,70,Table 2.3.1,13,EXTRACTION_COLUMN_SHIFT,Table continuation on p.70 detected with 10 cols instead of 9; pressure drop shifted into grade column.,Re-extract p.70 with corrected column alignment or map grade from column 9.,RESOLVED_BY_SOURCE_CORRECTION,VSCS
NIO_2018_MEKUNU_20180523_1200Z,NIO_2018_MEKUNU,2018-05-24T00:00:00+00:00,category_12h,24,24,24,27_60dae9_rsmc-2018.pdf,70,Table 2.3.1,14,EXTRACTION_COLUMN_SHIFT,Table continuation on p.70 detected with 10 cols instead of 9; pressure drop shifted into grade column.,Re-extract p.70 with corrected column alignment or map grade from column 9.,RESOLVED_BY_SOURCE_CORRECTION,VSCS
NIO_2018_MEKUNU_20180523_1500Z,NIO_2018_MEKUNU,2018-05-24T03:00:00+00:00,category_12h,28,28,28,27_60dae9_rsmc-2018.pdf,70,Table 2.3.1,15,EXTRACTION_COLUMN_SHIFT,Table continuation on p.70 detected with 10 cols instead of 9; pressure drop shifted into grade column.,Re-extract p.70 with corrected column alignment or map grade from column 9.,RESOLVED_BY_SOURCE_CORRECTION,VSCS
NIO_2018_MEKUNU_20180523_1800Z,NIO_2018_MEKUNU,2018-05-24T06:00:00+00:00,category_12h,32,32,32,27_60dae9_rsmc-2018.pdf,70,Table 2.3.1,16,EXTRACTION_COLUMN_SHIFT,Table continuation on p.70 detected with 10 cols instead of 9; pressure drop shifted into grade column.,Re-extract p.70 with corrected column alignment or map grade from column 9.,RESOLVED_BY_SOURCE_CORRECTION,VSCS
NIO_2018_MEKUNU_20180523_2100Z,NIO_2018_MEKUNU,2018-05-24T09:00:00+00:00,category_12h,32,32,32,27_60dae9_rsmc-2018.pdf,70,Table 2.3.1,17,EXTRACTION_COLUMN_SHIFT,Table continuation on p.70 detected with 10 cols instead of 9; pressure drop shifted into grade column.,Re-extract p.70 with corrected column alignment or map grade from column 9.,RESOLVED_BY_SOURCE_CORRECTION,VSCS
NIO_2018_MEKUNU_20180524_0000Z,NIO_2018_MEKUNU,2018-05-24T12:00:00+00:00,category_12h,32,32,32,27_60dae9_rsmc-2018.pdf,70,Table 2.3.1,18,EXTRACTION_COLUMN_SHIFT,Table continuation on p.70 detected with 10 cols instead of 9; pressure drop shifted into grade column.,Re-extract p.70 with corrected column alignment or map grade from column 9.,RESOLVED_BY_SOURCE_CORRECTION,VSCS
NIO_2018_MEKUNU_20180524_0300Z,NIO_2018_MEKUNU,2018-05-24T15:00:00+00:00,category_12h,32,32,32,27_60dae9_rsmc-2018.pdf,70,Table 2.3.1,19,EXTRACTION_COLUMN_SHIFT,Table continuation on p.70 detected with 10 cols instead of 9; pressure drop shifted into grade column.,Re-extract p.70 with corrected column alignment or map grade from column 9.,RESOLVED_BY_SOURCE_CORRECTION,VSCS
NIO_2018_MEKUNU_20180524_0600Z,NIO_2018_MEKUNU,2018-05-24T18:00:00+00:00,category_12h,32,32,32,27_60dae9_rsmc-2018.pdf,70,Table 2.3.1,20,EXTRACTION_COLUMN_SHIFT,Table continuation on p.70 detected with 10 cols instead of 9; pressure drop shifted into grade column.,Re-extract p.70 with corrected column alignment or map grade from column 9.,RESOLVED_BY_SOURCE_CORRECTION,VSCS
NIO_2018_MEKUNU_20180524_0900Z,NIO_2018_MEKUNU,2018-05-24T21:00:00+00:00,category_12h,32,32,32,27_60dae9_rsmc-2018.pdf,70,Table 2.3.1,21,EXTRACTION_COLUMN_SHIFT,Table continuation on p.70 detected with 10 cols instead of 9; pressure drop shifted into grade column.,Re-extract p.70 with corrected column alignment or map grade from column 9.,RESOLVED_BY_SOURCE_CORRECTION,VSCS
NIO_2018_MEKUNU_20180524_1200Z,NIO_2018_MEKUNU,2018-05-25T00:00:00+00:00,category_12h,36,36,36,27_60dae9_rsmc-2018.pdf,70,Table 2.3.1,22,EXTRACTION_COLUMN_SHIFT,Table continuation on p.70 detected with 10 cols instead of 9; pressure drop shifted into grade column.,Re-extract p.70 with corrected column alignment or map grade from column 9.,RESOLVED_BY_SOURCE_CORRECTION,VSCS
NIO_2018_MEKUNU_20180524_1500Z,NIO_2018_MEKUNU,2018-05-25T03:00:00+00:00,category_12h,40,40,40,27_60dae9_rsmc-2018.pdf,70,Table 2.3.1,23,EXTRACTION_COLUMN_SHIFT,Table continuation on p.70 detected with 10 cols instead of 9; pressure drop shifted into grade column.,Re-extract p.70 with corrected column alignment or map grade from column 9.,RESOLVED_BY_SOURCE_CORRECTION,ESCS
NIO_2018_MEKUNU_20180524_1800Z,NIO_2018_MEKUNU,2018-05-25T06:00:00+00:00,category_12h,40,40,40,27_60dae9_rsmc-2018.pdf,70,Table 2.3.1,24,EXTRACTION_COLUMN_SHIFT,Table continuation on p.70 detected with 10 cols instead of 9; pressure drop shifted into grade column.,Re-extract p.70 with corrected column alignment or map grade from column 9.,RESOLVED_BY_SOURCE_CORRECTION,ESCS
NIO_2018_MEKUNU_20180525_0000Z,NIO_2018_MEKUNU,2018-05-25T12:00:00+00:00,category_12h,45,45,45,27_60dae9_rsmc-2018.pdf,70,Table 2.3.1,26,EXTRACTION_COLUMN_SHIFT,Table continuation on p.70 detected with 10 cols instead of 9; pressure drop shifted into grade column.,Re-extract p.70 with corrected column alignment or map grade from column 9.,RESOLVED_BY_SOURCE_CORRECTION,ESCS
NIO_2007_UNNAMED_2_3_1_20070603_1500Z,NIO_2007_UNNAMED_2_3_1,2007-06-04T15:00:00+00:00,category_24h,SUCS,SUCS,SUCS,27_82fddf_rsmc-2007.pdf,32,Table 2.3.1,23,CASING_INCONSISTENCY,Uppercase SUCS in source table instead of title-case SuCS.,Normalize SUCS to canonical schema SuCS.,RESOLVED_BY_SOURCE_CORRECTION,SuCS
NIO_2007_UNNAMED_2_3_1_20070603_1800Z,NIO_2007_UNNAMED_2_3_1,2007-06-04T18:00:00+00:00,category_24h,SUCS,SUCS,SUCS,27_82fddf_rsmc-2007.pdf,32,Table 2.3.1,24,CASING_INCONSISTENCY,Uppercase SUCS in source table instead of title-case SuCS.,Normalize SUCS to canonical schema SuCS.,RESOLVED_BY_SOURCE_CORRECTION,SuCS
NIO_2018_MEKUNU_20180521_1200Z,NIO_2018_MEKUNU,2018-05-22T12:00:00+00:00,category_24h,7,7,7,27_60dae9_rsmc-2018.pdf,70,Table 2.3.1,2,EXTRACTION_COLUMN_SHIFT,Table continuation on p.70 detected with 10 cols instead of 9; pressure drop shifted into grade column.,Re-extract p.70 with corrected column alignment or map grade from column 9.,RESOLVED_BY_SOURCE_CORRECTION,CS
NIO_2018_MEKUNU_20180521_1800Z,NIO_2018_MEKUNU,2018-05-22T18:00:00+00:00,category_24h,8,8,8,27_60dae9_rsmc-2018.pdf,70,Table 2.3.1,4,EXTRACTION_COLUMN_SHIFT,Table continuation on p.70 detected with 10 cols instead of 9; pressure drop shifted into grade column.,Re-extract p.70 with corrected column alignment or map grade from column 9.,RESOLVED_BY_SOURCE_CORRECTION,CS
NIO_2018_MEKUNU_20180522_0000Z,NIO_2018_MEKUNU,2018-05-23T00:00:00+00:00,category_24h,10,10,10,27_60dae9_rsmc-2018.pdf,70,Table 2.3.1,6,EXTRACTION_COLUMN_SHIFT,Table continuation on p.70 detected with 10 cols instead of 9; pressure drop shifted into grade column.,Re-extract p.70 with corrected column alignment or map grade from column 9.,RESOLVED_BY_SOURCE_CORRECTION,CS
NIO_2018_MEKUNU_20180522_0300Z,NIO_2018_MEKUNU,2018-05-23T03:00:00+00:00,category_24h,15,15,15,27_60dae9_rsmc-2018.pdf,70,Table 2.3.1,7,EXTRACTION_COLUMN_SHIFT,Table continuation on p.70 detected with 10 cols instead of 9; pressure drop shifted into grade column.,Re-extract p.70 with corrected column alignment or map grade from column 9.,RESOLVED_BY_SOURCE_CORRECTION,SCS
NIO_2018_MEKUNU_20180522_0600Z,NIO_2018_MEKUNU,2018-05-23T06:00:00+00:00,category_24h,18,18,18,27_60dae9_rsmc-2018.pdf,70,Table 2.3.1,8,EXTRACTION_COLUMN_SHIFT,Table continuation on p.70 detected with 10 cols instead of 9; pressure drop shifted into grade column.,Re-extract p.70 with corrected column alignment or map grade from column 9.,RESOLVED_BY_SOURCE_CORRECTION,SCS
NIO_2018_MEKUNU_20180522_1200Z,NIO_2018_MEKUNU,2018-05-23T12:00:00+00:00,category_24h,22,22,22,27_60dae9_rsmc-2018.pdf,70,Table 2.3.1,10,EXTRACTION_COLUMN_SHIFT,Table continuation on p.70 detected with 10 cols instead of 9; pressure drop shifted into grade column.,Re-extract p.70 with corrected column alignment or map grade from column 9.,RESOLVED_BY_SOURCE_CORRECTION,VSCS
NIO_2018_MEKUNU_20180522_1500Z,NIO_2018_MEKUNU,2018-05-23T15:00:00+00:00,category_24h,24,24,24,27_60dae9_rsmc-2018.pdf,70,Table 2.3.1,11,EXTRACTION_COLUMN_SHIFT,Table continuation on p.70 detected with 10 cols instead of 9; pressure drop shifted into grade column.,Re-extract p.70 with corrected column alignment or map grade from column 9.,RESOLVED_BY_SOURCE_CORRECTION,VSCS
NIO_2018_MEKUNU_20180522_1800Z,NIO_2018_MEKUNU,2018-05-23T18:00:00+00:00,category_24h,24,24,24,27_60dae9_rsmc-2018.pdf,70,Table 2.3.1,12,EXTRACTION_COLUMN_SHIFT,Table continuation on p.70 detected with 10 cols instead of 9; pressure drop shifted into grade column.,Re-extract p.70 with corrected column alignment or map grade from column 9.,RESOLVED_BY_SOURCE_CORRECTION,VSCS
NIO_2018_MEKUNU_20180522_2100Z,NIO_2018_MEKUNU,2018-05-23T21:00:00+00:00,category_24h,24,24,24,27_60dae9_rsmc-2018.pdf,70,Table 2.3.1,13,EXTRACTION_COLUMN_SHIFT,Table continuation on p.70 detected with 10 cols instead of 9; pressure drop shifted into grade column.,Re-extract p.70 with corrected column alignment or map grade from column 9.,RESOLVED_BY_SOURCE_CORRECTION,VSCS
NIO_2018_MEKUNU_20180523_0000Z,NIO_2018_MEKUNU,2018-05-24T00:00:00+00:00,category_24h,24,24,24,27_60dae9_rsmc-2018.pdf,70,Table 2.3.1,14,EXTRACTION_COLUMN_SHIFT,Table continuation on p.70 detected with 10 cols instead of 9; pressure drop shifted into grade column.,Re-extract p.70 with corrected column alignment or map grade from column 9.,RESOLVED_BY_SOURCE_CORRECTION,VSCS
NIO_2018_MEKUNU_20180523_0300Z,NIO_2018_MEKUNU,2018-05-24T03:00:00+00:00,category_24h,28,28,28,27_60dae9_rsmc-2018.pdf,70,Table 2.3.1,15,EXTRACTION_COLUMN_SHIFT,Table continuation on p.70 detected with 10 cols instead of 9; pressure drop shifted into grade column.,Re-extract p.70 with corrected column alignment or map grade from column 9.,RESOLVED_BY_SOURCE_CORRECTION,VSCS
NIO_2018_MEKUNU_20180523_0600Z,NIO_2018_MEKUNU,2018-05-24T06:00:00+00:00,category_24h,32,32,32,27_60dae9_rsmc-2018.pdf,70,Table 2.3.1,16,EXTRACTION_COLUMN_SHIFT,Table continuation on p.70 detected with 10 cols instead of 9; pressure drop shifted into grade column.,Re-extract p.70 with corrected column alignment or map grade from column 9.,RESOLVED_BY_SOURCE_CORRECTION,VSCS
NIO_2018_MEKUNU_20180523_0900Z,NIO_2018_MEKUNU,2018-05-24T09:00:00+00:00,category_24h,32,32,32,27_60dae9_rsmc-2018.pdf,70,Table 2.3.1,17,EXTRACTION_COLUMN_SHIFT,Table continuation on p.70 detected with 10 cols instead of 9; pressure drop shifted into grade column.,Re-extract p.70 with corrected column alignment or map grade from column 9.,RESOLVED_BY_SOURCE_CORRECTION,VSCS
NIO_2018_MEKUNU_20180523_1200Z,NIO_2018_MEKUNU,2018-05-24T12:00:00+00:00,category_24h,32,32,32,27_60dae9_rsmc-2018.pdf,70,Table 2.3.1,18,EXTRACTION_COLUMN_SHIFT,Table continuation on p.70 detected with 10 cols instead of 9; pressure drop shifted into grade column.,Re-extract p.70 with corrected column alignment or map grade from column 9.,RESOLVED_BY_SOURCE_CORRECTION,VSCS
NIO_2018_MEKUNU_20180523_1500Z,NIO_2018_MEKUNU,2018-05-24T15:00:00+00:00,category_24h,32,32,32,27_60dae9_rsmc-2018.pdf,70,Table 2.3.1,19,EXTRACTION_COLUMN_SHIFT,Table continuation on p.70 detected with 10 cols instead of 9; pressure drop shifted into grade column.,Re-extract p.70 with corrected column alignment or map grade from column 9.,RESOLVED_BY_SOURCE_CORRECTION,VSCS
NIO_2018_MEKUNU_20180523_1800Z,NIO_2018_MEKUNU,2018-05-24T18:00:00+00:00,category_24h,32,32,32,27_60dae9_rsmc-2018.pdf,70,Table 2.3.1,20,EXTRACTION_COLUMN_SHIFT,Table continuation on p.70 detected with 10 cols instead of 9; pressure drop shifted into grade column.,Re-extract p.70 with corrected column alignment or map grade from column 9.,RESOLVED_BY_SOURCE_CORRECTION,VSCS
NIO_2018_MEKUNU_20180523_2100Z,NIO_2018_MEKUNU,2018-05-24T21:00:00+00:00,category_24h,32,32,32,27_60dae9_rsmc-2018.pdf,70,Table 2.3.1,21,EXTRACTION_COLUMN_SHIFT,Table continuation on p.70 detected with 10 cols instead of 9; pressure drop shifted into grade column.,Re-extract p.70 with corrected column alignment or map grade from column 9.,RESOLVED_BY_SOURCE_CORRECTION,VSCS
NIO_2018_MEKUNU_20180524_0000Z,NIO_2018_MEKUNU,2018-05-25T00:00:00+00:00,category_24h,36,36,36,27_60dae9_rsmc-2018.pdf,70,Table 2.3.1,22,EXTRACTION_COLUMN_SHIFT,Table continuation on p.70 detected with 10 cols instead of 9; pressure drop shifted into grade column.,Re-extract p.70 with corrected column alignment or map grade from column 9.,RESOLVED_BY_SOURCE_CORRECTION,VSCS
NIO_2018_MEKUNU_20180524_0300Z,NIO_2018_MEKUNU,2018-05-25T03:00:00+00:00,category_24h,40,40,40,27_60dae9_rsmc-2018.pdf,70,Table 2.3.1,23,EXTRACTION_COLUMN_SHIFT,Table continuation on p.70 detected with 10 cols instead of 9; pressure drop shifted into grade column.,Re-extract p.70 with corrected column alignment or map grade from column 9.,RESOLVED_BY_SOURCE_CORRECTION,ESCS
NIO_2018_MEKUNU_20180524_0600Z,NIO_2018_MEKUNU,2018-05-25T06:00:00+00:00,category_24h,40,40,40,27_60dae9_rsmc-2018.pdf,70,Table 2.3.1,24,EXTRACTION_COLUMN_SHIFT,Table continuation on p.70 detected with 10 cols instead of 9; pressure drop shifted into grade column.,Re-extract p.70 with corrected column alignment or map grade from column 9.,RESOLVED_BY_SOURCE_CORRECTION,ESCS
NIO_2018_MEKUNU_20180524_0900Z,NIO_2018_MEKUNU,2018-05-25T09:00:00+00:00,category_24h,42,42,42,27_60dae9_rsmc-2018.pdf,70,Table 2.3.1,25,EXTRACTION_COLUMN_SHIFT,Table continuation on p.70 detected with 10 cols instead of 9; pressure drop shifted into grade column.,Re-extract p.70 with corrected column alignment or map grade from column 9.,RESOLVED_BY_SOURCE_CORRECTION,ESCS
NIO_2018_MEKUNU_20180524_1200Z,NIO_2018_MEKUNU,2018-05-25T12:00:00+00:00,category_24h,45,45,45,27_60dae9_rsmc-2018.pdf,70,Table 2.3.1,26,EXTRACTION_COLUMN_SHIFT,Table continuation on p.70 detected with 10 cols instead of 9; pressure drop shifted into grade column.,Re-extract p.70 with corrected column alignment or map grade from column 9.,RESOLVED_BY_SOURCE_CORRECTION,ESCS
NIO_2018_MEKUNU_20180524_1500Z,NIO_2018_MEKUNU,2018-05-25T15:00:00+00:00,category_24h,45,45,45,27_60dae9_rsmc-2018.pdf,70,Table 2.3.1,27,EXTRACTION_COLUMN_SHIFT,Table continuation on p.70 detected with 10 cols instead of 9; pressure drop shifted into grade column.,Re-extract p.70 with corrected column alignment or map grade from column 9.,RESOLVED_BY_SOURCE_CORRECTION,ESCS
NIO_2018_MEKUNU_20180524_1800Z,NIO_2018_MEKUNU,2018-05-25T18:00:00+00:00,category_24h,45,45,45,27_60dae9_rsmc-2018.pdf,70,Table 2.3.1,28,EXTRACTION_COLUMN_SHIFT,Table continuation on p.70 detected with 10 cols instead of 9; pressure drop shifted into grade column.,Re-extract p.70 with corrected column alignment or map grade from column 9.,RESOLVED_BY_SOURCE_CORRECTION,ESCS
NIO_2018_MEKUNU_20180525_0000Z,NIO_2018_MEKUNU,2018-05-26T00:00:00+00:00,category_24h,28,28,28,27_60dae9_rsmc-2018.pdf,70,Table 2.3.1,31,EXTRACTION_COLUMN_SHIFT,Table continuation on p.70 detected with 10 cols instead of 9; pressure drop shifted into grade column.,Re-extract p.70 with corrected column alignment or map grade from column 9.,RESOLVED_BY_SOURCE_CORRECTION,VSCS
NIO_2007_UNNAMED_2_3_1_20070602_1500Z,NIO_2007_UNNAMED_2_3_1,2007-06-04T15:00:00+00:00,category_48h,SUCS,SUCS,SUCS,27_82fddf_rsmc-2007.pdf,32,Table 2.3.1,23,CASING_INCONSISTENCY,Uppercase SUCS in source table instead of title-case SuCS.,Normalize SUCS to canonical schema SuCS.,RESOLVED_BY_SOURCE_CORRECTION,SuCS
NIO_2007_UNNAMED_2_3_1_20070602_1800Z,NIO_2007_UNNAMED_2_3_1,2007-06-04T18:00:00+00:00,category_48h,SUCS,SUCS,SUCS,27_82fddf_rsmc-2007.pdf,32,Table 2.3.1,24,CASING_INCONSISTENCY,Uppercase SUCS in source table instead of title-case SuCS.,Normalize SUCS to canonical schema SuCS.,RESOLVED_BY_SOURCE_CORRECTION,SuCS
NIO_2018_MEKUNU_20180521_1200Z,NIO_2018_MEKUNU,2018-05-23T12:00:00+00:00,category_48h,22,22,22,27_60dae9_rsmc-2018.pdf,70,Table 2.3.1,10,EXTRACTION_COLUMN_SHIFT,Table continuation on p.70 detected with 10 cols instead of 9; pressure drop shifted into grade column.,Re-extract p.70 with corrected column alignment or map grade from column 9.,RESOLVED_BY_SOURCE_CORRECTION,VSCS
NIO_2018_MEKUNU_20180521_1800Z,NIO_2018_MEKUNU,2018-05-23T18:00:00+00:00,category_48h,24,24,24,27_60dae9_rsmc-2018.pdf,70,Table 2.3.1,12,EXTRACTION_COLUMN_SHIFT,Table continuation on p.70 detected with 10 cols instead of 9; pressure drop shifted into grade column.,Re-extract p.70 with corrected column alignment or map grade from column 9.,RESOLVED_BY_SOURCE_CORRECTION,VSCS
NIO_2018_MEKUNU_20180522_0000Z,NIO_2018_MEKUNU,2018-05-24T00:00:00+00:00,category_48h,24,24,24,27_60dae9_rsmc-2018.pdf,70,Table 2.3.1,14,EXTRACTION_COLUMN_SHIFT,Table continuation on p.70 detected with 10 cols instead of 9; pressure drop shifted into grade column.,Re-extract p.70 with corrected column alignment or map grade from column 9.,RESOLVED_BY_SOURCE_CORRECTION,VSCS
NIO_2018_MEKUNU_20180522_0300Z,NIO_2018_MEKUNU,2018-05-24T03:00:00+00:00,category_48h,28,28,28,27_60dae9_rsmc-2018.pdf,70,Table 2.3.1,15,EXTRACTION_COLUMN_SHIFT,Table continuation on p.70 detected with 10 cols instead of 9; pressure drop shifted into grade column.,Re-extract p.70 with corrected column alignment or map grade from column 9.,RESOLVED_BY_SOURCE_CORRECTION,VSCS
NIO_2018_MEKUNU_20180522_0600Z,NIO_2018_MEKUNU,2018-05-24T06:00:00+00:00,category_48h,32,32,32,27_60dae9_rsmc-2018.pdf,70,Table 2.3.1,16,EXTRACTION_COLUMN_SHIFT,Table continuation on p.70 detected with 10 cols instead of 9; pressure drop shifted into grade column.,Re-extract p.70 with corrected column alignment or map grade from column 9.,RESOLVED_BY_SOURCE_CORRECTION,VSCS
NIO_2018_MEKUNU_20180522_1200Z,NIO_2018_MEKUNU,2018-05-24T12:00:00+00:00,category_48h,32,32,32,27_60dae9_rsmc-2018.pdf,70,Table 2.3.1,18,EXTRACTION_COLUMN_SHIFT,Table continuation on p.70 detected with 10 cols instead of 9; pressure drop shifted into grade column.,Re-extract p.70 with corrected column alignment or map grade from column 9.,RESOLVED_BY_SOURCE_CORRECTION,VSCS
NIO_2018_MEKUNU_20180522_1500Z,NIO_2018_MEKUNU,2018-05-24T15:00:00+00:00,category_48h,32,32,32,27_60dae9_rsmc-2018.pdf,70,Table 2.3.1,19,EXTRACTION_COLUMN_SHIFT,Table continuation on p.70 detected with 10 cols instead of 9; pressure drop shifted into grade column.,Re-extract p.70 with corrected column alignment or map grade from column 9.,RESOLVED_BY_SOURCE_CORRECTION,VSCS
NIO_2018_MEKUNU_20180522_1800Z,NIO_2018_MEKUNU,2018-05-24T18:00:00+00:00,category_48h,32,32,32,27_60dae9_rsmc-2018.pdf,70,Table 2.3.1,20,EXTRACTION_COLUMN_SHIFT,Table continuation on p.70 detected with 10 cols instead of 9; pressure drop shifted into grade column.,Re-extract p.70 with corrected column alignment or map grade from column 9.,RESOLVED_BY_SOURCE_CORRECTION,VSCS
NIO_2018_MEKUNU_20180522_2100Z,NIO_2018_MEKUNU,2018-05-24T21:00:00+00:00,category_48h,32,32,32,27_60dae9_rsmc-2018.pdf,70,Table 2.3.1,21,EXTRACTION_COLUMN_SHIFT,Table continuation on p.70 detected with 10 cols instead of 9; pressure drop shifted into grade column.,Re-extract p.70 with corrected column alignment or map grade from column 9.,RESOLVED_BY_SOURCE_CORRECTION,VSCS
NIO_2018_MEKUNU_20180523_0000Z,NIO_2018_MEKUNU,2018-05-25T00:00:00+00:00,category_48h,36,36,36,27_60dae9_rsmc-2018.pdf,70,Table 2.3.1,22,EXTRACTION_COLUMN_SHIFT,Table continuation on p.70 detected with 10 cols instead of 9; pressure drop shifted into grade column.,Re-extract p.70 with corrected column alignment or map grade from column 9.,RESOLVED_BY_SOURCE_CORRECTION,VSCS
NIO_2018_MEKUNU_20180523_0300Z,NIO_2018_MEKUNU,2018-05-25T03:00:00+00:00,category_48h,40,40,40,27_60dae9_rsmc-2018.pdf,70,Table 2.3.1,23,EXTRACTION_COLUMN_SHIFT,Table continuation on p.70 detected with 10 cols instead of 9; pressure drop shifted into grade column.,Re-extract p.70 with corrected column alignment or map grade from column 9.,RESOLVED_BY_SOURCE_CORRECTION,ESCS
NIO_2018_MEKUNU_20180523_0600Z,NIO_2018_MEKUNU,2018-05-25T06:00:00+00:00,category_48h,40,40,40,27_60dae9_rsmc-2018.pdf,70,Table 2.3.1,24,EXTRACTION_COLUMN_SHIFT,Table continuation on p.70 detected with 10 cols instead of 9; pressure drop shifted into grade column.,Re-extract p.70 with corrected column alignment or map grade from column 9.,RESOLVED_BY_SOURCE_CORRECTION,ESCS
NIO_2018_MEKUNU_20180523_0900Z,NIO_2018_MEKUNU,2018-05-25T09:00:00+00:00,category_48h,42,42,42,27_60dae9_rsmc-2018.pdf,70,Table 2.3.1,25,EXTRACTION_COLUMN_SHIFT,Table continuation on p.70 detected with 10 cols instead of 9; pressure drop shifted into grade column.,Re-extract p.70 with corrected column alignment or map grade from column 9.,RESOLVED_BY_SOURCE_CORRECTION,ESCS
NIO_2018_MEKUNU_20180523_1200Z,NIO_2018_MEKUNU,2018-05-25T12:00:00+00:00,category_48h,45,45,45,27_60dae9_rsmc-2018.pdf,70,Table 2.3.1,26,EXTRACTION_COLUMN_SHIFT,Table continuation on p.70 detected with 10 cols instead of 9; pressure drop shifted into grade column.,Re-extract p.70 with corrected column alignment or map grade from column 9.,RESOLVED_BY_SOURCE_CORRECTION,ESCS
NIO_2018_MEKUNU_20180523_1500Z,NIO_2018_MEKUNU,2018-05-25T15:00:00+00:00,category_48h,45,45,45,27_60dae9_rsmc-2018.pdf,70,Table 2.3.1,27,EXTRACTION_COLUMN_SHIFT,Table continuation on p.70 detected with 10 cols instead of 9; pressure drop shifted into grade column.,Re-extract p.70 with corrected column alignment or map grade from column 9.,RESOLVED_BY_SOURCE_CORRECTION,ESCS
NIO_2018_MEKUNU_20180523_1800Z,NIO_2018_MEKUNU,2018-05-25T18:00:00+00:00,category_48h,45,45,45,27_60dae9_rsmc-2018.pdf,70,Table 2.3.1,28,EXTRACTION_COLUMN_SHIFT,Table continuation on p.70 detected with 10 cols instead of 9; pressure drop shifted into grade column.,Re-extract p.70 with corrected column alignment or map grade from column 9.,RESOLVED_BY_SOURCE_CORRECTION,ESCS
NIO_2018_MEKUNU_20180523_2100Z,NIO_2018_MEKUNU,2018-05-25T21:00:00+00:00,category_48h,40,40,40,27_60dae9_rsmc-2018.pdf,70,Table 2.3.1,30,EXTRACTION_COLUMN_SHIFT,Table continuation on p.70 detected with 10 cols instead of 9; pressure drop shifted into grade column.,Re-extract p.70 with corrected column alignment or map grade from column 9.,RESOLVED_BY_SOURCE_CORRECTION,ESCS
NIO_2018_MEKUNU_20180524_0000Z,NIO_2018_MEKUNU,2018-05-26T00:00:00+00:00,category_48h,28,28,28,27_60dae9_rsmc-2018.pdf,70,Table 2.3.1,31,EXTRACTION_COLUMN_SHIFT,Table continuation on p.70 detected with 10 cols instead of 9; pressure drop shifted into grade column.,Re-extract p.70 with corrected column alignment or map grade from column 9.,RESOLVED_BY_SOURCE_CORRECTION,VSCS
NIO_2018_MEKUNU_20180524_0300Z,NIO_2018_MEKUNU,2018-05-26T03:00:00+00:00,category_48h,18,18,18,27_60dae9_rsmc-2018.pdf,70,Table 2.3.1,32,EXTRACTION_COLUMN_SHIFT,Table continuation on p.70 detected with 10 cols instead of 9; pressure drop shifted into grade column.,Re-extract p.70 with corrected column alignment or map grade from column 9.,RESOLVED_BY_SOURCE_CORRECTION,SCS
NIO_2018_MEKUNU_20180524_0600Z,NIO_2018_MEKUNU,2018-05-26T06:00:00+00:00,category_48h,12,12,12,27_60dae9_rsmc-2018.pdf,70,Table 2.3.1,33,EXTRACTION_COLUMN_SHIFT,Table continuation on p.70 detected with 10 cols instead of 9; pressure drop shifted into grade column.,Re-extract p.70 with corrected column alignment or map grade from column 9.,RESOLVED_BY_SOURCE_CORRECTION,SCS
NIO_2018_MEKUNU_20180524_0900Z,NIO_2018_MEKUNU,2018-05-26T09:00:00+00:00,category_48h,10,10,10,27_60dae9_rsmc-2018.pdf,70,Table 2.3.1,34,EXTRACTION_COLUMN_SHIFT,Table continuation on p.70 detected with 10 cols instead of 9; pressure drop shifted into grade column.,Re-extract p.70 with corrected column alignment or map grade from column 9.,RESOLVED_BY_SOURCE_CORRECTION,CS
NIO_2018_MEKUNU_20180524_1200Z,NIO_2018_MEKUNU,2018-05-26T12:00:00+00:00,category_48h,8,8,8,27_60dae9_rsmc-2018.pdf,70,Table 2.3.1,35,EXTRACTION_COLUMN_SHIFT,Table continuation on p.70 detected with 10 cols instead of 9; pressure drop shifted into grade column.,Re-extract p.70 with corrected column alignment or map grade from column 9.,RESOLVED_BY_SOURCE_CORRECTION,CS
NIO_2018_MEKUNU_20180524_1500Z,NIO_2018_MEKUNU,2018-05-26T15:00:00+00:00,category_48h,7,7,7,27_60dae9_rsmc-2018.pdf,70,Table 2.3.1,36,EXTRACTION_COLUMN_SHIFT,Table continuation on p.70 detected with 10 cols instead of 9; pressure drop shifted into grade column.,Re-extract p.70 with corrected column alignment or map grade from column 9.,RESOLVED_BY_SOURCE_CORRECTION,CS
NIO_2018_MEKUNU_20180524_1800Z,NIO_2018_MEKUNU,2018-05-26T18:00:00+00:00,category_48h,5,5,5,27_60dae9_rsmc-2018.pdf,70,Table 2.3.1,37,EXTRACTION_COLUMN_SHIFT,Table continuation on p.70 detected with 10 cols instead of 9; pressure drop shifted into grade column.,Re-extract p.70 with corrected column alignment or map grade from column 9.,RESOLVED_BY_SOURCE_CORRECTION,DD
NIO_2018_MEKUNU_20180525_0000Z,NIO_2018_MEKUNU,2018-05-27T00:00:00+00:00,category_48h,3,3,3,27_60dae9_rsmc-2018.pdf,70,Table 2.3.1,38,EXTRACTION_COLUMN_SHIFT,Table continuation on p.70 detected with 10 cols instead of 9; pressure drop shifted into grade column.,Re-extract p.70 with corrected column alignment or map grade from column 9.,RESOLVED_BY_SOURCE_CORRECTION,D
NIO_2018_MEKUNU_20180522_0600Z,NIO_2018_MEKUNU,2018-05-22T06:00:00+00:00,imd_wind_t0,,,,27_60dae9_rsmc-2018.pdf,70,Table 2.3.1,1,EXTRACTION_COLUMN_SHIFT,Table continuation on p.70 had empty col at index 6; actual wind shifted to col 7.,Re-extract p.70 with corrected column alignment to restore wind from col 7.,RESOLVED_BY_SOURCE_CORRECTION,30.0
NIO_2018_MEKUNU_20180522_1200Z,NIO_2018_MEKUNU,2018-05-22T12:00:00+00:00,imd_wind_t0,,,,27_60dae9_rsmc-2018.pdf,70,Table 2.3.1,2,EXTRACTION_COLUMN_SHIFT,Table continuation on p.70 had empty col at index 6; actual wind shifted to col 7.,Re-extract p.70 with corrected column alignment to restore wind from col 7.,RESOLVED_BY_SOURCE_CORRECTION,35.0
NIO_2018_MEKUNU_20180522_1500Z,NIO_2018_MEKUNU,2018-05-22T15:00:00+00:00,imd_wind_t0,,,,27_60dae9_rsmc-2018.pdf,70,Table 2.3.1,3,EXTRACTION_COLUMN_SHIFT,Table continuation on p.70 had empty col at index 6; actual wind shifted to col 7.,Re-extract p.70 with corrected column alignment to restore wind from col 7.,RESOLVED_BY_SOURCE_CORRECTION,35.0
NIO_2018_MEKUNU_20180522_1800Z,NIO_2018_MEKUNU,2018-05-22T18:00:00+00:00,imd_wind_t0,,,,27_60dae9_rsmc-2018.pdf,70,Table 2.3.1,4,EXTRACTION_COLUMN_SHIFT,Table continuation on p.70 had empty col at index 6; actual wind shifted to col 7.,Re-extract p.70 with corrected column alignment to restore wind from col 7.,RESOLVED_BY_SOURCE_CORRECTION,40.0
NIO_2018_MEKUNU_20180522_2100Z,NIO_2018_MEKUNU,2018-05-22T21:00:00+00:00,imd_wind_t0,,,,27_60dae9_rsmc-2018.pdf,70,Table 2.3.1,5,EXTRACTION_COLUMN_SHIFT,Table continuation on p.70 had empty col at index 6; actual wind shifted to col 7.,Re-extract p.70 with corrected column alignment to restore wind from col 7.,RESOLVED_BY_SOURCE_CORRECTION,40.0
NIO_2018_MEKUNU_20180523_0000Z,NIO_2018_MEKUNU,2018-05-23T00:00:00+00:00,imd_wind_t0,,,,27_60dae9_rsmc-2018.pdf,70,Table 2.3.1,6,EXTRACTION_COLUMN_SHIFT,Table continuation on p.70 had empty col at index 6; actual wind shifted to col 7.,Re-extract p.70 with corrected column alignment to restore wind from col 7.,RESOLVED_BY_SOURCE_CORRECTION,45.0
NIO_2018_MEKUNU_20180523_0300Z,NIO_2018_MEKUNU,2018-05-23T03:00:00+00:00,imd_wind_t0,,,,27_60dae9_rsmc-2018.pdf,70,Table 2.3.1,7,EXTRACTION_COLUMN_SHIFT,Table continuation on p.70 had empty col at index 6; actual wind shifted to col 7.,Re-extract p.70 with corrected column alignment to restore wind from col 7.,RESOLVED_BY_SOURCE_CORRECTION,55.0
NIO_2018_MEKUNU_20180523_0600Z,NIO_2018_MEKUNU,2018-05-23T06:00:00+00:00,imd_wind_t0,,,,27_60dae9_rsmc-2018.pdf,70,Table 2.3.1,8,EXTRACTION_COLUMN_SHIFT,Table continuation on p.70 had empty col at index 6; actual wind shifted to col 7.,Re-extract p.70 with corrected column alignment to restore wind from col 7.,RESOLVED_BY_SOURCE_CORRECTION,60.0
NIO_2018_MEKUNU_20180523_0900Z,NIO_2018_MEKUNU,2018-05-23T09:00:00+00:00,imd_wind_t0,,,,27_60dae9_rsmc-2018.pdf,70,Table 2.3.1,9,EXTRACTION_COLUMN_SHIFT,Table continuation on p.70 had empty col at index 6; actual wind shifted to col 7.,Re-extract p.70 with corrected column alignment to restore wind from col 7.,RESOLVED_BY_SOURCE_CORRECTION,65.0
NIO_2018_MEKUNU_20180523_1200Z,NIO_2018_MEKUNU,2018-05-23T12:00:00+00:00,imd_wind_t0,,,,27_60dae9_rsmc-2018.pdf,70,Table 2.3.1,10,EXTRACTION_COLUMN_SHIFT,Table continuation on p.70 had empty col at index 6; actual wind shifted to col 7.,Re-extract p.70 with corrected column alignment to restore wind from col 7.,RESOLVED_BY_SOURCE_CORRECTION,65.0
NIO_2018_MEKUNU_20180523_1500Z,NIO_2018_MEKUNU,2018-05-23T15:00:00+00:00,imd_wind_t0,,,,27_60dae9_rsmc-2018.pdf,70,Table 2.3.1,11,EXTRACTION_COLUMN_SHIFT,Table continuation on p.70 had empty col at index 6; actual wind shifted to col 7.,Re-extract p.70 with corrected column alignment to restore wind from col 7.,RESOLVED_BY_SOURCE_CORRECTION,70.0
NIO_2018_MEKUNU_20180523_1800Z,NIO_2018_MEKUNU,2018-05-23T18:00:00+00:00,imd_wind_t0,,,,27_60dae9_rsmc-2018.pdf,70,Table 2.3.1,12,EXTRACTION_COLUMN_SHIFT,Table continuation on p.70 had empty col at index 6; actual wind shifted to col 7.,Re-extract p.70 with corrected column alignment to restore wind from col 7.,RESOLVED_BY_SOURCE_CORRECTION,70.0
NIO_2018_MEKUNU_20180523_2100Z,NIO_2018_MEKUNU,2018-05-23T21:00:00+00:00,imd_wind_t0,,,,27_60dae9_rsmc-2018.pdf,70,Table 2.3.1,13,EXTRACTION_COLUMN_SHIFT,Table continuation on p.70 had empty col at index 6; actual wind shifted to col 7.,Re-extract p.70 with corrected column alignment to restore wind from col 7.,RESOLVED_BY_SOURCE_CORRECTION,70.0
NIO_2018_MEKUNU_20180524_0000Z,NIO_2018_MEKUNU,2018-05-24T00:00:00+00:00,imd_wind_t0,,,,27_60dae9_rsmc-2018.pdf,70,Table 2.3.1,14,EXTRACTION_COLUMN_SHIFT,Table continuation on p.70 had empty col at index 6; actual wind shifted to col 7.,Re-extract p.70 with corrected column alignment to restore wind from col 7.,RESOLVED_BY_SOURCE_CORRECTION,70.0
NIO_2018_MEKUNU_20180524_0300Z,NIO_2018_MEKUNU,2018-05-24T03:00:00+00:00,imd_wind_t0,,,,27_60dae9_rsmc-2018.pdf,70,Table 2.3.1,15,EXTRACTION_COLUMN_SHIFT,Table continuation on p.70 had empty col at index 6; actual wind shifted to col 7.,Re-extract p.70 with corrected column alignment to restore wind from col 7.,RESOLVED_BY_SOURCE_CORRECTION,75.0
NIO_2018_MEKUNU_20180524_0600Z,NIO_2018_MEKUNU,2018-05-24T06:00:00+00:00,imd_wind_t0,,,,27_60dae9_rsmc-2018.pdf,70,Table 2.3.1,16,EXTRACTION_COLUMN_SHIFT,Table continuation on p.70 had empty col at index 6; actual wind shifted to col 7.,Re-extract p.70 with corrected column alignment to restore wind from col 7.,RESOLVED_BY_SOURCE_CORRECTION,80.0
NIO_2018_MEKUNU_20180524_0900Z,NIO_2018_MEKUNU,2018-05-24T09:00:00+00:00,imd_wind_t0,,,,27_60dae9_rsmc-2018.pdf,70,Table 2.3.1,17,EXTRACTION_COLUMN_SHIFT,Table continuation on p.70 had empty col at index 6; actual wind shifted to col 7.,Re-extract p.70 with corrected column alignment to restore wind from col 7.,RESOLVED_BY_SOURCE_CORRECTION,80.0
NIO_2018_MEKUNU_20180524_1200Z,NIO_2018_MEKUNU,2018-05-24T12:00:00+00:00,imd_wind_t0,,,,27_60dae9_rsmc-2018.pdf,70,Table 2.3.1,18,EXTRACTION_COLUMN_SHIFT,Table continuation on p.70 had empty col at index 6; actual wind shifted to col 7.,Re-extract p.70 with corrected column alignment to restore wind from col 7.,RESOLVED_BY_SOURCE_CORRECTION,80.0
NIO_2018_MEKUNU_20180524_1500Z,NIO_2018_MEKUNU,2018-05-24T15:00:00+00:00,imd_wind_t0,,,,27_60dae9_rsmc-2018.pdf,70,Table 2.3.1,19,EXTRACTION_COLUMN_SHIFT,Table continuation on p.70 had empty col at index 6; actual wind shifted to col 7.,Re-extract p.70 with corrected column alignment to restore wind from col 7.,RESOLVED_BY_SOURCE_CORRECTION,80.0
NIO_2018_MEKUNU_20180524_1800Z,NIO_2018_MEKUNU,2018-05-24T18:00:00+00:00,imd_wind_t0,,,,27_60dae9_rsmc-2018.pdf,70,Table 2.3.1,20,EXTRACTION_COLUMN_SHIFT,Table continuation on p.70 had empty col at index 6; actual wind shifted to col 7.,Re-extract p.70 with corrected column alignment to restore wind from col 7.,RESOLVED_BY_SOURCE_CORRECTION,80.0
NIO_2018_MEKUNU_20180525_0000Z,NIO_2018_MEKUNU,2018-05-25T00:00:00+00:00,imd_wind_t0,,,,27_60dae9_rsmc-2018.pdf,70,Table 2.3.1,22,EXTRACTION_COLUMN_SHIFT,Table continuation on p.70 had empty col at index 6; actual wind shifted to col 7.,Re-extract p.70 with corrected column alignment to restore wind from col 7.,RESOLVED_BY_SOURCE_CORRECTION,85.0
NIO_2018_MEKUNU_20180521_1800Z,NIO_2018_MEKUNU,2018-05-22T06:00:00+00:00,wind_12h,,,,27_60dae9_rsmc-2018.pdf,70,Table 2.3.1,1,EXTRACTION_COLUMN_SHIFT,Table continuation on p.70 had empty col at index 6; actual wind shifted to col 7.,Re-extract p.70 with corrected column alignment to restore wind from col 7.,RESOLVED_BY_SOURCE_CORRECTION,30.0
NIO_2018_MEKUNU_20180522_0000Z,NIO_2018_MEKUNU,2018-05-22T12:00:00+00:00,wind_12h,,,,27_60dae9_rsmc-2018.pdf,70,Table 2.3.1,2,EXTRACTION_COLUMN_SHIFT,Table continuation on p.70 had empty col at index 6; actual wind shifted to col 7.,Re-extract p.70 with corrected column alignment to restore wind from col 7.,RESOLVED_BY_SOURCE_CORRECTION,35.0
NIO_2018_MEKUNU_20180522_0300Z,NIO_2018_MEKUNU,2018-05-22T15:00:00+00:00,wind_12h,,,,27_60dae9_rsmc-2018.pdf,70,Table 2.3.1,3,EXTRACTION_COLUMN_SHIFT,Table continuation on p.70 had empty col at index 6; actual wind shifted to col 7.,Re-extract p.70 with corrected column alignment to restore wind from col 7.,RESOLVED_BY_SOURCE_CORRECTION,35.0
NIO_2018_MEKUNU_20180522_0600Z,NIO_2018_MEKUNU,2018-05-22T18:00:00+00:00,wind_12h,,,,27_60dae9_rsmc-2018.pdf,70,Table 2.3.1,4,EXTRACTION_COLUMN_SHIFT,Table continuation on p.70 had empty col at index 6; actual wind shifted to col 7.,Re-extract p.70 with corrected column alignment to restore wind from col 7.,RESOLVED_BY_SOURCE_CORRECTION,40.0
NIO_2018_MEKUNU_20180522_1200Z,NIO_2018_MEKUNU,2018-05-23T00:00:00+00:00,wind_12h,,,,27_60dae9_rsmc-2018.pdf,70,Table 2.3.1,6,EXTRACTION_COLUMN_SHIFT,Table continuation on p.70 had empty col at index 6; actual wind shifted to col 7.,Re-extract p.70 with corrected column alignment to restore wind from col 7.,RESOLVED_BY_SOURCE_CORRECTION,45.0
NIO_2018_MEKUNU_20180522_1500Z,NIO_2018_MEKUNU,2018-05-23T03:00:00+00:00,wind_12h,,,,27_60dae9_rsmc-2018.pdf,70,Table 2.3.1,7,EXTRACTION_COLUMN_SHIFT,Table continuation on p.70 had empty col at index 6; actual wind shifted to col 7.,Re-extract p.70 with corrected column alignment to restore wind from col 7.,RESOLVED_BY_SOURCE_CORRECTION,55.0
NIO_2018_MEKUNU_20180522_1800Z,NIO_2018_MEKUNU,2018-05-23T06:00:00+00:00,wind_12h,,,,27_60dae9_rsmc-2018.pdf,70,Table 2.3.1,8,EXTRACTION_COLUMN_SHIFT,Table continuation on p.70 had empty col at index 6; actual wind shifted to col 7.,Re-extract p.70 with corrected column alignment to restore wind from col 7.,RESOLVED_BY_SOURCE_CORRECTION,60.0
NIO_2018_MEKUNU_20180522_2100Z,NIO_2018_MEKUNU,2018-05-23T09:00:00+00:00,wind_12h,,,,27_60dae9_rsmc-2018.pdf,70,Table 2.3.1,9,EXTRACTION_COLUMN_SHIFT,Table continuation on p.70 had empty col at index 6; actual wind shifted to col 7.,Re-extract p.70 with corrected column alignment to restore wind from col 7.,RESOLVED_BY_SOURCE_CORRECTION,65.0
NIO_2018_MEKUNU_20180523_0000Z,NIO_2018_MEKUNU,2018-05-23T12:00:00+00:00,wind_12h,,,,27_60dae9_rsmc-2018.pdf,70,Table 2.3.1,10,EXTRACTION_COLUMN_SHIFT,Table continuation on p.70 had empty col at index 6; actual wind shifted to col 7.,Re-extract p.70 with corrected column alignment to restore wind from col 7.,RESOLVED_BY_SOURCE_CORRECTION,65.0
NIO_2018_MEKUNU_20180523_0300Z,NIO_2018_MEKUNU,2018-05-23T15:00:00+00:00,wind_12h,,,,27_60dae9_rsmc-2018.pdf,70,Table 2.3.1,11,EXTRACTION_COLUMN_SHIFT,Table continuation on p.70 had empty col at index 6; actual wind shifted to col 7.,Re-extract p.70 with corrected column alignment to restore wind from col 7.,RESOLVED_BY_SOURCE_CORRECTION,70.0
NIO_2018_MEKUNU_20180523_0600Z,NIO_2018_MEKUNU,2018-05-23T18:00:00+00:00,wind_12h,,,,27_60dae9_rsmc-2018.pdf,70,Table 2.3.1,12,EXTRACTION_COLUMN_SHIFT,Table continuation on p.70 had empty col at index 6; actual wind shifted to col 7.,Re-extract p.70 with corrected column alignment to restore wind from col 7.,RESOLVED_BY_SOURCE_CORRECTION,70.0
NIO_2018_MEKUNU_20180523_0900Z,NIO_2018_MEKUNU,2018-05-23T21:00:00+00:00,wind_12h,,,,27_60dae9_rsmc-2018.pdf,70,Table 2.3.1,13,EXTRACTION_COLUMN_SHIFT,Table continuation on p.70 had empty col at index 6; actual wind shifted to col 7.,Re-extract p.70 with corrected column alignment to restore wind from col 7.,RESOLVED_BY_SOURCE_CORRECTION,70.0
NIO_2018_MEKUNU_20180523_1200Z,NIO_2018_MEKUNU,2018-05-24T00:00:00+00:00,wind_12h,,,,27_60dae9_rsmc-2018.pdf,70,Table 2.3.1,14,EXTRACTION_COLUMN_SHIFT,Table continuation on p.70 had empty col at index 6; actual wind shifted to col 7.,Re-extract p.70 with corrected column alignment to restore wind from col 7.,RESOLVED_BY_SOURCE_CORRECTION,70.0
NIO_2018_MEKUNU_20180523_1500Z,NIO_2018_MEKUNU,2018-05-24T03:00:00+00:00,wind_12h,,,,27_60dae9_rsmc-2018.pdf,70,Table 2.3.1,15,EXTRACTION_COLUMN_SHIFT,Table continuation on p.70 had empty col at index 6; actual wind shifted to col 7.,Re-extract p.70 with corrected column alignment to restore wind from col 7.,RESOLVED_BY_SOURCE_CORRECTION,75.0
NIO_2018_MEKUNU_20180523_1800Z,NIO_2018_MEKUNU,2018-05-24T06:00:00+00:00,wind_12h,,,,27_60dae9_rsmc-2018.pdf,70,Table 2.3.1,16,EXTRACTION_COLUMN_SHIFT,Table continuation on p.70 had empty col at index 6; actual wind shifted to col 7.,Re-extract p.70 with corrected column alignment to restore wind from col 7.,RESOLVED_BY_SOURCE_CORRECTION,80.0
NIO_2018_MEKUNU_20180523_2100Z,NIO_2018_MEKUNU,2018-05-24T09:00:00+00:00,wind_12h,,,,27_60dae9_rsmc-2018.pdf,70,Table 2.3.1,17,EXTRACTION_COLUMN_SHIFT,Table continuation on p.70 had empty col at index 6; actual wind shifted to col 7.,Re-extract p.70 with corrected column alignment to restore wind from col 7.,RESOLVED_BY_SOURCE_CORRECTION,80.0
NIO_2018_MEKUNU_20180524_0000Z,NIO_2018_MEKUNU,2018-05-24T12:00:00+00:00,wind_12h,,,,27_60dae9_rsmc-2018.pdf,70,Table 2.3.1,18,EXTRACTION_COLUMN_SHIFT,Table continuation on p.70 had empty col at index 6; actual wind shifted to col 7.,Re-extract p.70 with corrected column alignment to restore wind from col 7.,RESOLVED_BY_SOURCE_CORRECTION,80.0
NIO_2018_MEKUNU_20180524_0300Z,NIO_2018_MEKUNU,2018-05-24T15:00:00+00:00,wind_12h,,,,27_60dae9_rsmc-2018.pdf,70,Table 2.3.1,19,EXTRACTION_COLUMN_SHIFT,Table continuation on p.70 had empty col at index 6; actual wind shifted to col 7.,Re-extract p.70 with corrected column alignment to restore wind from col 7.,RESOLVED_BY_SOURCE_CORRECTION,80.0
NIO_2018_MEKUNU_20180524_0600Z,NIO_2018_MEKUNU,2018-05-24T18:00:00+00:00,wind_12h,,,,27_60dae9_rsmc-2018.pdf,70,Table 2.3.1,20,EXTRACTION_COLUMN_SHIFT,Table continuation on p.70 had empty col at index 6; actual wind shifted to col 7.,Re-extract p.70 with corrected column alignment to restore wind from col 7.,RESOLVED_BY_SOURCE_CORRECTION,80.0
NIO_2018_MEKUNU_20180524_0900Z,NIO_2018_MEKUNU,2018-05-24T21:00:00+00:00,wind_12h,,,,27_60dae9_rsmc-2018.pdf,70,Table 2.3.1,21,EXTRACTION_COLUMN_SHIFT,Table continuation on p.70 had empty col at index 6; actual wind shifted to col 7.,Re-extract p.70 with corrected column alignment to restore wind from col 7.,RESOLVED_BY_SOURCE_CORRECTION,80.0
NIO_2018_MEKUNU_20180524_1200Z,NIO_2018_MEKUNU,2018-05-25T00:00:00+00:00,wind_12h,,,,27_60dae9_rsmc-2018.pdf,70,Table 2.3.1,22,EXTRACTION_COLUMN_SHIFT,Table continuation on p.70 had empty col at index 6; actual wind shifted to col 7.,Re-extract p.70 with corrected column alignment to restore wind from col 7.,RESOLVED_BY_SOURCE_CORRECTION,85.0
NIO_2018_MEKUNU_20180524_1500Z,NIO_2018_MEKUNU,2018-05-25T03:00:00+00:00,wind_12h,,,,27_60dae9_rsmc-2018.pdf,70,Table 2.3.1,23,EXTRACTION_COLUMN_SHIFT,Table continuation on p.70 had empty col at index 6; actual wind shifted to col 7.,Re-extract p.70 with corrected column alignment to restore wind from col 7.,RESOLVED_BY_SOURCE_CORRECTION,90.0
NIO_2018_MEKUNU_20180524_1800Z,NIO_2018_MEKUNU,2018-05-25T06:00:00+00:00,wind_12h,,,,27_60dae9_rsmc-2018.pdf,70,Table 2.3.1,24,EXTRACTION_COLUMN_SHIFT,Table continuation on p.70 had empty col at index 6; actual wind shifted to col 7.,Re-extract p.70 with corrected column alignment to restore wind from col 7.,RESOLVED_BY_SOURCE_CORRECTION,90.0
NIO_2018_MEKUNU_20180525_0000Z,NIO_2018_MEKUNU,2018-05-25T12:00:00+00:00,wind_12h,,,,27_60dae9_rsmc-2018.pdf,70,Table 2.3.1,26,EXTRACTION_COLUMN_SHIFT,Table continuation on p.70 had empty col at index 6; actual wind shifted to col 7.,Re-extract p.70 with corrected column alignment to restore wind from col 7.,RESOLVED_BY_SOURCE_CORRECTION,95.0
NIO_2018_MEKUNU_20180521_1200Z,NIO_2018_MEKUNU,2018-05-22T12:00:00+00:00,wind_24h,,,,27_60dae9_rsmc-2018.pdf,70,Table 2.3.1,2,EXTRACTION_COLUMN_SHIFT,Table continuation on p.70 had empty col at index 6; actual wind shifted to col 7.,Re-extract p.70 with corrected column alignment to restore wind from col 7.,RESOLVED_BY_SOURCE_CORRECTION,35.0
NIO_2018_MEKUNU_20180521_1800Z,NIO_2018_MEKUNU,2018-05-22T18:00:00+00:00,wind_24h,,,,27_60dae9_rsmc-2018.pdf,70,Table 2.3.1,4,EXTRACTION_COLUMN_SHIFT,Table continuation on p.70 had empty col at index 6; actual wind shifted to col 7.,Re-extract p.70 with corrected column alignment to restore wind from col 7.,RESOLVED_BY_SOURCE_CORRECTION,40.0
NIO_2018_MEKUNU_20180522_0000Z,NIO_2018_MEKUNU,2018-05-23T00:00:00+00:00,wind_24h,,,,27_60dae9_rsmc-2018.pdf,70,Table 2.3.1,6,EXTRACTION_COLUMN_SHIFT,Table continuation on p.70 had empty col at index 6; actual wind shifted to col 7.,Re-extract p.70 with corrected column alignment to restore wind from col 7.,RESOLVED_BY_SOURCE_CORRECTION,45.0
NIO_2018_MEKUNU_20180522_0300Z,NIO_2018_MEKUNU,2018-05-23T03:00:00+00:00,wind_24h,,,,27_60dae9_rsmc-2018.pdf,70,Table 2.3.1,7,EXTRACTION_COLUMN_SHIFT,Table continuation on p.70 had empty col at index 6; actual wind shifted to col 7.,Re-extract p.70 with corrected column alignment to restore wind from col 7.,RESOLVED_BY_SOURCE_CORRECTION,55.0
NIO_2018_MEKUNU_20180522_0600Z,NIO_2018_MEKUNU,2018-05-23T06:00:00+00:00,wind_24h,,,,27_60dae9_rsmc-2018.pdf,70,Table 2.3.1,8,EXTRACTION_COLUMN_SHIFT,Table continuation on p.70 had empty col at index 6; actual wind shifted to col 7.,Re-extract p.70 with corrected column alignment to restore wind from col 7.,RESOLVED_BY_SOURCE_CORRECTION,60.0
NIO_2018_MEKUNU_20180522_1200Z,NIO_2018_MEKUNU,2018-05-23T12:00:00+00:00,wind_24h,,,,27_60dae9_rsmc-2018.pdf,70,Table 2.3.1,10,EXTRACTION_COLUMN_SHIFT,Table continuation on p.70 had empty col at index 6; actual wind shifted to col 7.,Re-extract p.70 with corrected column alignment to restore wind from col 7.,RESOLVED_BY_SOURCE_CORRECTION,65.0
NIO_2018_MEKUNU_20180522_1500Z,NIO_2018_MEKUNU,2018-05-23T15:00:00+00:00,wind_24h,,,,27_60dae9_rsmc-2018.pdf,70,Table 2.3.1,11,EXTRACTION_COLUMN_SHIFT,Table continuation on p.70 had empty col at index 6; actual wind shifted to col 7.,Re-extract p.70 with corrected column alignment to restore wind from col 7.,RESOLVED_BY_SOURCE_CORRECTION,70.0
NIO_2018_MEKUNU_20180522_1800Z,NIO_2018_MEKUNU,2018-05-23T18:00:00+00:00,wind_24h,,,,27_60dae9_rsmc-2018.pdf,70,Table 2.3.1,12,EXTRACTION_COLUMN_SHIFT,Table continuation on p.70 had empty col at index 6; actual wind shifted to col 7.,Re-extract p.70 with corrected column alignment to restore wind from col 7.,RESOLVED_BY_SOURCE_CORRECTION,70.0
NIO_2018_MEKUNU_20180522_2100Z,NIO_2018_MEKUNU,2018-05-23T21:00:00+00:00,wind_24h,,,,27_60dae9_rsmc-2018.pdf,70,Table 2.3.1,13,EXTRACTION_COLUMN_SHIFT,Table continuation on p.70 had empty col at index 6; actual wind shifted to col 7.,Re-extract p.70 with corrected column alignment to restore wind from col 7.,RESOLVED_BY_SOURCE_CORRECTION,70.0
NIO_2018_MEKUNU_20180523_0000Z,NIO_2018_MEKUNU,2018-05-24T00:00:00+00:00,wind_24h,,,,27_60dae9_rsmc-2018.pdf,70,Table 2.3.1,14,EXTRACTION_COLUMN_SHIFT,Table continuation on p.70 had empty col at index 6; actual wind shifted to col 7.,Re-extract p.70 with corrected column alignment to restore wind from col 7.,RESOLVED_BY_SOURCE_CORRECTION,70.0
NIO_2018_MEKUNU_20180523_0300Z,NIO_2018_MEKUNU,2018-05-24T03:00:00+00:00,wind_24h,,,,27_60dae9_rsmc-2018.pdf,70,Table 2.3.1,15,EXTRACTION_COLUMN_SHIFT,Table continuation on p.70 had empty col at index 6; actual wind shifted to col 7.,Re-extract p.70 with corrected column alignment to restore wind from col 7.,RESOLVED_BY_SOURCE_CORRECTION,75.0
NIO_2018_MEKUNU_20180523_0600Z,NIO_2018_MEKUNU,2018-05-24T06:00:00+00:00,wind_24h,,,,27_60dae9_rsmc-2018.pdf,70,Table 2.3.1,16,EXTRACTION_COLUMN_SHIFT,Table continuation on p.70 had empty col at index 6; actual wind shifted to col 7.,Re-extract p.70 with corrected column alignment to restore wind from col 7.,RESOLVED_BY_SOURCE_CORRECTION,80.0
NIO_2018_MEKUNU_20180523_0900Z,NIO_2018_MEKUNU,2018-05-24T09:00:00+00:00,wind_24h,,,,27_60dae9_rsmc-2018.pdf,70,Table 2.3.1,17,EXTRACTION_COLUMN_SHIFT,Table continuation on p.70 had empty col at index 6; actual wind shifted to col 7.,Re-extract p.70 with corrected column alignment to restore wind from col 7.,RESOLVED_BY_SOURCE_CORRECTION,80.0
NIO_2018_MEKUNU_20180523_1200Z,NIO_2018_MEKUNU,2018-05-24T12:00:00+00:00,wind_24h,,,,27_60dae9_rsmc-2018.pdf,70,Table 2.3.1,18,EXTRACTION_COLUMN_SHIFT,Table continuation on p.70 had empty col at index 6; actual wind shifted to col 7.,Re-extract p.70 with corrected column alignment to restore wind from col 7.,RESOLVED_BY_SOURCE_CORRECTION,80.0
NIO_2018_MEKUNU_20180523_1500Z,NIO_2018_MEKUNU,2018-05-24T15:00:00+00:00,wind_24h,,,,27_60dae9_rsmc-2018.pdf,70,Table 2.3.1,19,EXTRACTION_COLUMN_SHIFT,Table continuation on p.70 had empty col at index 6; actual wind shifted to col 7.,Re-extract p.70 with corrected column alignment to restore wind from col 7.,RESOLVED_BY_SOURCE_CORRECTION,80.0
NIO_2018_MEKUNU_20180523_1800Z,NIO_2018_MEKUNU,2018-05-24T18:00:00+00:00,wind_24h,,,,27_60dae9_rsmc-2018.pdf,70,Table 2.3.1,20,EXTRACTION_COLUMN_SHIFT,Table continuation on p.70 had empty col at index 6; actual wind shifted to col 7.,Re-extract p.70 with corrected column alignment to restore wind from col 7.,RESOLVED_BY_SOURCE_CORRECTION,80.0
NIO_2018_MEKUNU_20180523_2100Z,NIO_2018_MEKUNU,2018-05-24T21:00:00+00:00,wind_24h,,,,27_60dae9_rsmc-2018.pdf,70,Table 2.3.1,21,EXTRACTION_COLUMN_SHIFT,Table continuation on p.70 had empty col at index 6; actual wind shifted to col 7.,Re-extract p.70 with corrected column alignment to restore wind from col 7.,RESOLVED_BY_SOURCE_CORRECTION,80.0
NIO_2018_MEKUNU_20180524_0000Z,NIO_2018_MEKUNU,2018-05-25T00:00:00+00:00,wind_24h,,,,27_60dae9_rsmc-2018.pdf,70,Table 2.3.1,22,EXTRACTION_COLUMN_SHIFT,Table continuation on p.70 had empty col at index 6; actual wind shifted to col 7.,Re-extract p.70 with corrected column alignment to restore wind from col 7.,RESOLVED_BY_SOURCE_CORRECTION,85.0
NIO_2018_MEKUNU_20180524_0300Z,NIO_2018_MEKUNU,2018-05-25T03:00:00+00:00,wind_24h,,,,27_60dae9_rsmc-2018.pdf,70,Table 2.3.1,23,EXTRACTION_COLUMN_SHIFT,Table continuation on p.70 had empty col at index 6; actual wind shifted to col 7.,Re-extract p.70 with corrected column alignment to restore wind from col 7.,RESOLVED_BY_SOURCE_CORRECTION,90.0
NIO_2018_MEKUNU_20180524_0600Z,NIO_2018_MEKUNU,2018-05-25T06:00:00+00:00,wind_24h,,,,27_60dae9_rsmc-2018.pdf,70,Table 2.3.1,24,EXTRACTION_COLUMN_SHIFT,Table continuation on p.70 had empty col at index 6; actual wind shifted to col 7.,Re-extract p.70 with corrected column alignment to restore wind from col 7.,RESOLVED_BY_SOURCE_CORRECTION,90.0
NIO_2018_MEKUNU_20180524_0900Z,NIO_2018_MEKUNU,2018-05-25T09:00:00+00:00,wind_24h,,,,27_60dae9_rsmc-2018.pdf,70,Table 2.3.1,25,EXTRACTION_COLUMN_SHIFT,Table continuation on p.70 had empty col at index 6; actual wind shifted to col 7.,Re-extract p.70 with corrected column alignment to restore wind from col 7.,RESOLVED_BY_SOURCE_CORRECTION,90.0
NIO_2018_MEKUNU_20180524_1200Z,NIO_2018_MEKUNU,2018-05-25T12:00:00+00:00,wind_24h,,,,27_60dae9_rsmc-2018.pdf,70,Table 2.3.1,26,EXTRACTION_COLUMN_SHIFT,Table continuation on p.70 had empty col at index 6; actual wind shifted to col 7.,Re-extract p.70 with corrected column alignment to restore wind from col 7.,RESOLVED_BY_SOURCE_CORRECTION,95.0
NIO_2018_MEKUNU_20180524_1500Z,NIO_2018_MEKUNU,2018-05-25T15:00:00+00:00,wind_24h,,,,27_60dae9_rsmc-2018.pdf,70,Table 2.3.1,27,EXTRACTION_COLUMN_SHIFT,Table continuation on p.70 had empty col at index 6; actual wind shifted to col 7.,Re-extract p.70 with corrected column alignment to restore wind from col 7.,RESOLVED_BY_SOURCE_CORRECTION,95.0
NIO_2018_MEKUNU_20180524_1800Z,NIO_2018_MEKUNU,2018-05-25T18:00:00+00:00,wind_24h,,,,27_60dae9_rsmc-2018.pdf,70,Table 2.3.1,28,EXTRACTION_COLUMN_SHIFT,Table continuation on p.70 had empty col at index 6; actual wind shifted to col 7.,Re-extract p.70 with corrected column alignment to restore wind from col 7.,RESOLVED_BY_SOURCE_CORRECTION,95.0
NIO_2002_UNNAMED_25_20021110_1200Z,NIO_2002_UNNAMED_25,2002-11-12T12:00:00+00:00,wind_48h,,,,27_54cee6_35_6641c5_2002.pdf,25,OCR_PAGE_25,25,LEGITIMATELY_MISSING_IN_SOURCE,Observation post-landfall/dissipation where IMD recorded hyphen or blank (raw=nan).,Preserve NaN (legitimate missing source data).,RETAINED_LEGITIMATE_SOURCE_NAN,
NIO_2006_UNNAMED_2_2_1_20060427_0900Z,NIO_2006_UNNAMED_2_2_1,2006-04-29T09:00:00+00:00,wind_48h,,,,27_b1dd60_rsmc-2006 .pdf,23,Table 2.2.1,36,LEGITIMATELY_MISSING_IN_SOURCE,Observation post-landfall/dissipation where IMD recorded hyphen or blank (raw=nan).,Preserve NaN (legitimate missing source data).,RETAINED_LEGITIMATE_SOURCE_NAN,
NIO_2006_UNNAMED_2_2_1_20060427_1200Z,NIO_2006_UNNAMED_2_2_1,2006-04-29T12:00:00+00:00,wind_48h,,,,27_b1dd60_rsmc-2006 .pdf,23,Table 2.2.1,37,LEGITIMATELY_MISSING_IN_SOURCE,Observation post-landfall/dissipation where IMD recorded hyphen or blank (raw=nan).,Preserve NaN (legitimate missing source data).,RETAINED_LEGITIMATE_SOURCE_NAN,
NIO_2006_UNNAMED_2_2_1_20060427_1500Z,NIO_2006_UNNAMED_2_2_1,2006-04-29T15:00:00+00:00,wind_48h,,,,27_b1dd60_rsmc-2006 .pdf,23,Table 2.2.1,38,LEGITIMATELY_MISSING_IN_SOURCE,Observation post-landfall/dissipation where IMD recorded hyphen or blank (raw=nan).,Preserve NaN (legitimate missing source data).,RETAINED_LEGITIMATE_SOURCE_NAN,
NIO_2006_UNNAMED_2_2_1_20060427_1800Z,NIO_2006_UNNAMED_2_2_1,2006-04-29T18:00:00+00:00,wind_48h,,,,27_b1dd60_rsmc-2006 .pdf,23,Table 2.2.1,39,LEGITIMATELY_MISSING_IN_SOURCE,Observation post-landfall/dissipation where IMD recorded hyphen or blank (raw=nan).,Preserve NaN (legitimate missing source data).,RETAINED_LEGITIMATE_SOURCE_NAN,
NIO_2007_UNNAMED_2_12_1_20071113_1800Z,NIO_2007_UNNAMED_2_12_1,2007-11-15T18:00:00+00:00,wind_48h,,,-,27_82fddf_rsmc-2007.pdf,80,Table 2.12.1,37,LEGITIMATELY_MISSING_IN_SOURCE,Observation post-landfall/dissipation where IMD recorded hyphen or blank (raw=-).,Preserve NaN (legitimate missing source data).,RETAINED_LEGITIMATE_SOURCE_NAN,
NIO_2007_UNNAMED_2_12_1_20071113_2100Z,NIO_2007_UNNAMED_2_12_1,2007-11-15T21:00:00+00:00,wind_48h,,,-,27_82fddf_rsmc-2007.pdf,80,Table 2.12.1,38,LEGITIMATELY_MISSING_IN_SOURCE,Observation post-landfall/dissipation where IMD recorded hyphen or blank (raw=-).,Preserve NaN (legitimate missing source data).,RETAINED_LEGITIMATE_SOURCE_NAN,
NIO_2007_UNNAMED_2_12_1_20071114_0000Z,NIO_2007_UNNAMED_2_12_1,2007-11-16T00:00:00+00:00,wind_48h,,,-,27_82fddf_rsmc-2007.pdf,80,Table 2.12.1,39,LEGITIMATELY_MISSING_IN_SOURCE,Observation post-landfall/dissipation where IMD recorded hyphen or blank (raw=-).,Preserve NaN (legitimate missing source data).,RETAINED_LEGITIMATE_SOURCE_NAN,
NIO_2007_UNNAMED_2_12_1_20071114_0300Z,NIO_2007_UNNAMED_2_12_1,2007-11-16T03:00:00+00:00,wind_48h,,,-,27_82fddf_rsmc-2007.pdf,80,Table 2.12.1,40,LEGITIMATELY_MISSING_IN_SOURCE,Observation post-landfall/dissipation where IMD recorded hyphen or blank (raw=-).,Preserve NaN (legitimate missing source data).,RETAINED_LEGITIMATE_SOURCE_NAN,
NIO_2009_PHYAN_20091109_1200Z,NIO_2009_PHYAN,2009-11-11T12:00:00+00:00,wind_48h,,,,27_4e34f3_rsmc-2009.pdf,78,Table 2.7.1,15,EXTRACTION_POST_LANDFALL_SHIFT,Post-landfall table row column shift caused wind to be dropped.,Re-extract post-landfall rows on p.78 to capture wind.,RESOLVED_BY_SOURCE_CORRECTION,30.0
NIO_2009_PHYAN_20091109_1800Z,NIO_2009_PHYAN,2009-11-11T18:00:00+00:00,wind_48h,,,,27_4e34f3_rsmc-2009.pdf,78,Table 2.7.1,17,EXTRACTION_POST_LANDFALL_SHIFT,Post-landfall table row column shift caused wind to be dropped.,Re-extract post-landfall rows on p.78 to capture wind.,RESOLVED_BY_SOURCE_CORRECTION,20.0
NIO_2009_WARD_20091213_0000Z,NIO_2009_WARD,2009-12-15T00:00:00+00:00,wind_48h,,,2 5,27_4e34f3_rsmc-2009.pdf,83,Table 2.8.1,31,EXTRACTION_WHITESPACE_CORRUPTION,Extracted raw wind has internal space 2 5 causing float parse failure.,Clean whitespace before float parsing to restore 25 kt.,RESOLVED_BY_SOURCE_CORRECTION,25.0
NIO_2011_UNNAMED_2_9_1_20111129_0600Z,NIO_2011_UNNAMED_2_9_1,2011-12-01T06:00:00+00:00,wind_48h,,,,27_2f6165_rsmc-2011.pdf,107,Table 2.9.1,27,LEGITIMATELY_MISSING_IN_SOURCE,Observation post-landfall/dissipation where IMD recorded hyphen or blank (raw=nan).,Preserve NaN (legitimate missing source data).,RETAINED_LEGITIMATE_SOURCE_NAN,
NIO_2018_MEKUNU_20180521_1200Z,NIO_2018_MEKUNU,2018-05-23T12:00:00+00:00,wind_48h,,,,27_60dae9_rsmc-2018.pdf,70,Table 2.3.1,10,EXTRACTION_COLUMN_SHIFT,Table continuation on p.70 had empty col at index 6; actual wind shifted to col 7.,Re-extract p.70 with corrected column alignment to restore wind from col 7.,RESOLVED_BY_SOURCE_CORRECTION,65.0
NIO_2018_MEKUNU_20180521_1800Z,NIO_2018_MEKUNU,2018-05-23T18:00:00+00:00,wind_48h,,,,27_60dae9_rsmc-2018.pdf,70,Table 2.3.1,12,EXTRACTION_COLUMN_SHIFT,Table continuation on p.70 had empty col at index 6; actual wind shifted to col 7.,Re-extract p.70 with corrected column alignment to restore wind from col 7.,RESOLVED_BY_SOURCE_CORRECTION,70.0
NIO_2018_MEKUNU_20180522_0000Z,NIO_2018_MEKUNU,2018-05-24T00:00:00+00:00,wind_48h,,,,27_60dae9_rsmc-2018.pdf,70,Table 2.3.1,14,EXTRACTION_COLUMN_SHIFT,Table continuation on p.70 had empty col at index 6; actual wind shifted to col 7.,Re-extract p.70 with corrected column alignment to restore wind from col 7.,RESOLVED_BY_SOURCE_CORRECTION,70.0
NIO_2018_MEKUNU_20180522_0300Z,NIO_2018_MEKUNU,2018-05-24T03:00:00+00:00,wind_48h,,,,27_60dae9_rsmc-2018.pdf,70,Table 2.3.1,15,EXTRACTION_COLUMN_SHIFT,Table continuation on p.70 had empty col at index 6; actual wind shifted to col 7.,Re-extract p.70 with corrected column alignment to restore wind from col 7.,RESOLVED_BY_SOURCE_CORRECTION,75.0
NIO_2018_MEKUNU_20180522_0600Z,NIO_2018_MEKUNU,2018-05-24T06:00:00+00:00,wind_48h,,,,27_60dae9_rsmc-2018.pdf,70,Table 2.3.1,16,EXTRACTION_COLUMN_SHIFT,Table continuation on p.70 had empty col at index 6; actual wind shifted to col 7.,Re-extract p.70 with corrected column alignment to restore wind from col 7.,RESOLVED_BY_SOURCE_CORRECTION,80.0
NIO_2018_MEKUNU_20180522_1200Z,NIO_2018_MEKUNU,2018-05-24T12:00:00+00:00,wind_48h,,,,27_60dae9_rsmc-2018.pdf,70,Table 2.3.1,18,EXTRACTION_COLUMN_SHIFT,Table continuation on p.70 had empty col at index 6; actual wind shifted to col 7.,Re-extract p.70 with corrected column alignment to restore wind from col 7.,RESOLVED_BY_SOURCE_CORRECTION,80.0
NIO_2018_MEKUNU_20180522_1500Z,NIO_2018_MEKUNU,2018-05-24T15:00:00+00:00,wind_48h,,,,27_60dae9_rsmc-2018.pdf,70,Table 2.3.1,19,EXTRACTION_COLUMN_SHIFT,Table continuation on p.70 had empty col at index 6; actual wind shifted to col 7.,Re-extract p.70 with corrected column alignment to restore wind from col 7.,RESOLVED_BY_SOURCE_CORRECTION,80.0
NIO_2018_MEKUNU_20180522_1800Z,NIO_2018_MEKUNU,2018-05-24T18:00:00+00:00,wind_48h,,,,27_60dae9_rsmc-2018.pdf,70,Table 2.3.1,20,EXTRACTION_COLUMN_SHIFT,Table continuation on p.70 had empty col at index 6; actual wind shifted to col 7.,Re-extract p.70 with corrected column alignment to restore wind from col 7.,RESOLVED_BY_SOURCE_CORRECTION,80.0
NIO_2018_MEKUNU_20180522_2100Z,NIO_2018_MEKUNU,2018-05-24T21:00:00+00:00,wind_48h,,,,27_60dae9_rsmc-2018.pdf,70,Table 2.3.1,21,EXTRACTION_COLUMN_SHIFT,Table continuation on p.70 had empty col at index 6; actual wind shifted to col 7.,Re-extract p.70 with corrected column alignment to restore wind from col 7.,RESOLVED_BY_SOURCE_CORRECTION,80.0
NIO_2018_MEKUNU_20180523_0000Z,NIO_2018_MEKUNU,2018-05-25T00:00:00+00:00,wind_48h,,,,27_60dae9_rsmc-2018.pdf,70,Table 2.3.1,22,EXTRACTION_COLUMN_SHIFT,Table continuation on p.70 had empty col at index 6; actual wind shifted to col 7.,Re-extract p.70 with corrected column alignment to restore wind from col 7.,RESOLVED_BY_SOURCE_CORRECTION,85.0
NIO_2018_MEKUNU_20180523_0300Z,NIO_2018_MEKUNU,2018-05-25T03:00:00+00:00,wind_48h,,,,27_60dae9_rsmc-2018.pdf,70,Table 2.3.1,23,EXTRACTION_COLUMN_SHIFT,Table continuation on p.70 had empty col at index 6; actual wind shifted to col 7.,Re-extract p.70 with corrected column alignment to restore wind from col 7.,RESOLVED_BY_SOURCE_CORRECTION,90.0
NIO_2018_MEKUNU_20180523_0600Z,NIO_2018_MEKUNU,2018-05-25T06:00:00+00:00,wind_48h,,,,27_60dae9_rsmc-2018.pdf,70,Table 2.3.1,24,EXTRACTION_COLUMN_SHIFT,Table continuation on p.70 had empty col at index 6; actual wind shifted to col 7.,Re-extract p.70 with corrected column alignment to restore wind from col 7.,RESOLVED_BY_SOURCE_CORRECTION,90.0
NIO_2018_MEKUNU_20180523_0900Z,NIO_2018_MEKUNU,2018-05-25T09:00:00+00:00,wind_48h,,,,27_60dae9_rsmc-2018.pdf,70,Table 2.3.1,25,EXTRACTION_COLUMN_SHIFT,Table continuation on p.70 had empty col at index 6; actual wind shifted to col 7.,Re-extract p.70 with corrected column alignment to restore wind from col 7.,RESOLVED_BY_SOURCE_CORRECTION,90.0
NIO_2018_MEKUNU_20180523_1200Z,NIO_2018_MEKUNU,2018-05-25T12:00:00+00:00,wind_48h,,,,27_60dae9_rsmc-2018.pdf,70,Table 2.3.1,26,EXTRACTION_COLUMN_SHIFT,Table continuation on p.70 had empty col at index 6; actual wind shifted to col 7.,Re-extract p.70 with corrected column alignment to restore wind from col 7.,RESOLVED_BY_SOURCE_CORRECTION,95.0
NIO_2018_MEKUNU_20180523_1500Z,NIO_2018_MEKUNU,2018-05-25T15:00:00+00:00,wind_48h,,,,27_60dae9_rsmc-2018.pdf,70,Table 2.3.1,27,EXTRACTION_COLUMN_SHIFT,Table continuation on p.70 had empty col at index 6; actual wind shifted to col 7.,Re-extract p.70 with corrected column alignment to restore wind from col 7.,RESOLVED_BY_SOURCE_CORRECTION,95.0
NIO_2018_MEKUNU_20180523_1800Z,NIO_2018_MEKUNU,2018-05-25T18:00:00+00:00,wind_48h,,,,27_60dae9_rsmc-2018.pdf,70,Table 2.3.1,28,EXTRACTION_COLUMN_SHIFT,Table continuation on p.70 had empty col at index 6; actual wind shifted to col 7.,Re-extract p.70 with corrected column alignment to restore wind from col 7.,RESOLVED_BY_SOURCE_CORRECTION,95.0
NIO_2002_UNNAMED_25_20021110_1200Z,NIO_2002_UNNAMED_25,2002-11-10T12:00:00+00:00,imd_lat_t0,82.5,82.5,82.5,27_54cee6_35_6641c5_2002.pdf,25,OCR_PAGE_25,9,OCR_COORDINATE_CORRUPTION,Latitude 82.5 outside North Indian Ocean basin (-5 to 35). OCR digit/column swap.,Correct coordinate swap from scanned report or exclude candidate.,RESOLVED_BY_SOURCE_CORRECTION,12.0
NIO_2002_UNNAMED_25_20021110_1200Z,NIO_2002_UNNAMED_25,2002-11-10T12:00:00+00:00,imd_lon_t0,2.0,2.0,2.0,27_54cee6_35_6641c5_2002.pdf,25,OCR_PAGE_25,9,OCR_COORDINATE_CORRUPTION,Longitude 2.0 outside North Indian Ocean basin (40 to 105). OCR digit/column swap.,Correct coordinate swap from scanned report or exclude candidate.,RESOLVED_BY_SOURCE_CORRECTION,82.5
NIO_2002_UNNAMED_29_20021123_1200Z,NIO_2002_UNNAMED_29,2002-11-23T12:00:00+00:00,imd_lat_t0,87.0,87.0,87.0,27_54cee6_35_6641c5_2002.pdf,29,OCR_PAGE_29,9,OCR_COORDINATE_CORRUPTION,Latitude 87.0 outside North Indian Ocean basin (-5 to 35). OCR digit/column swap.,Correct coordinate swap from scanned report or exclude candidate.,RESOLVED_BY_SOURCE_CORRECTION,12.0
NIO_2002_UNNAMED_29_20021123_1200Z,NIO_2002_UNNAMED_29,2002-11-23T12:00:00+00:00,imd_lon_t0,1.5,1.5,1.5,27_54cee6_35_6641c5_2002.pdf,29,OCR_PAGE_29,9,OCR_COORDINATE_CORRUPTION,Longitude 1.5 outside North Indian Ocean basin (40 to 105). OCR digit/column swap.,Correct coordinate swap from scanned report or exclude candidate.,RESOLVED_BY_SOURCE_CORRECTION,87.0
NIO_2002_UNNAMED_25_20021110_1200Z,NIO_2002_UNNAMED_25,2002-11-11T00:00:00+00:00,imd_lon_12h,13.5,13.5,13.5,27_54cee6_35_6641c5_2002.pdf,25,OCR_PAGE_25,11,OCR_COORDINATE_CORRUPTION,Longitude 13.5 outside North Indian Ocean basin (40 to 105). OCR digit/column swap.,Correct coordinate swap from scanned report or exclude candidate.,RESOLVED_BY_SOURCE_CORRECTION,82.5
NIO_2002_UNNAMED_29_20021124_1200Z,NIO_2002_UNNAMED_29,2002-11-25T00:00:00+00:00,imd_lon_12h,15.5,15.5,15.5,27_54cee6_35_6641c5_2002.pdf,29,OCR_PAGE_29,19,OCR_COORDINATE_CORRUPTION,Longitude 15.5 outside North Indian Ocean basin (40 to 105). OCR digit/column swap.,Correct coordinate swap from scanned report or exclude candidate.,RESOLVED_BY_SOURCE_CORRECTION,88.0
NIO_2002_UNNAMED_29_20021124_0000Z,NIO_2002_UNNAMED_29,2002-11-25T00:00:00+00:00,imd_lon_24h,15.5,15.5,15.5,27_54cee6_35_6641c5_2002.pdf,29,OCR_PAGE_29,19,OCR_COORDINATE_CORRUPTION,Longitude 15.5 outside North Indian Ocean basin (40 to 105). OCR digit/column swap.,Correct coordinate swap from scanned report or exclude candidate.,RESOLVED_BY_SOURCE_CORRECTION,88.0
